RespID,HHID,Sub-District,District,Questionnaire_Number,Enumerator_Number,resp_age,Marital_Status,Education,Immediate_Fam,HH_Role,Role_Specify,Household_mem,Female_Education,Work1,Work2,Fin_Responsible,Dwelling_mem,Dwelling_Type,Kitchen_Access,Bathroom_Access,Room_Num,Separate_Kitchen,Separate_Bathroom,Separate_Storage,Wall_Material,Roof_Material,Water,Grid,Television,Fans,Mobile_Phone,Bicycle,Motorcycle_Scooter,Rickshaw,AutoRickshaw_Van,Human_van,Private_car,sewing_machine,Fridge,Stove,Pressure_cooker,almirah,table,chairs,wardrobes,cabinets,vcr,dvd,radio,landline,motor_boat,Bank_Acct1,bank_current,bank_savings,bank_payroll,bank_loan,mfi_account,mfi_loan_indiv,mfi_loan_group,non_profit,village_group,moneylender,mobile_money,money_transfer,loans_FaF,moneyguard,insurance,insurance_type,Occupation1,Age1,Gender1,Occupation2,Age2,Gender2,Occupation3,Age3,Gender3,Occupation4,Age4,Gender4,Occupation5,Age5,Gender5,Occupation6,Age6,Gender6,Occupation7,Age7,Gender7,Occupation8,Age8,Gender8,Occupation9,Age9,Gender9,Occupation10,Age10,Gender10
116.2,116,PALLABI,DHAKA,80,1,24,Married,5 years of education,Yes,Spouse of the Head of Household,SPOUSE OF HOUSEHOLD HEAD,2,,Yes,1,,,Attached Formal Housing,,,1,No,No,No,Brick or stone,Galvanized iron or aluminum,Faucet/Tap in the home,23,1,1,1,,,,,,,,,,,,,,1,,,,,,,No,0,0,0,0,0,0,0,0,0,0,0,0,1,0,1,,CNG DRIVER,30,1,SERVICE,24,2,,,,,,,,,,,,,,,,,,,,,,,,
117.2,117,PALLABI,DHAKA,81,1,50,Widowed,Can only write name,No,,,,,,,No,1,Attached Informal Housing,,,1,No,No,No,Galvanized iron or aluminum or other metal sheets,Galvanized iron or aluminum,Faucet/Tap in the home,23,,1,1,,,,,,,,,,,,,,,,,,,,,No,0,0,0,0,0,0,0,0,0,0,1,0,1,0,0,,SERVICE,50,2,,,,,,,,,,,,,,,,,,,,,,,,,,,
305.4,305,PALLABI,DHAKA,7,3,26,Single (never married),5 years of education,Yes,Adult Daughter,ADULT  DAUGHTER,6,Can only write name,No,2,,,Attached Formal Housing,,,1,No,No,No,Brick or stone,Galvanized iron or aluminum,Faucet/Tap in the home,21,1,1,3,,,,,,,,,,,,,,,,,,,,,No,0,0,0,0,0,0,0,0,0,0,0,0,0,0,0,,SERVICE,26,2,BUSINESS,50,2,JOB LESS,30,1,SERVICE,27,2,HOUSEWIFE,18,2,STUDENT,13,2,,,,,,,,,,,,
221.4,221,Mirpur,Dhaka,55,2,19,Single (never married),5 years of education,Yes,Adult Daughter,Adult Daughter,6,Can only write name,Yes,3,,,Attached Formal Housing,,,1,No,No,No,Brick or stone,Concrete,Faucet/Tap in the home,23,1,2,1,,,,,,,1,,,,1,,,,,,,,,,No,0,0,0,0,0,0,0,0,0,0,0,0,0,0,0,,Service,19,2,Labour,48,1,Service,40,2,Student,13,1,Student,9,2,Student,9,2,,,,,,,,,,,,
222.4,222,Mirpur,Dhaka,56,2,23,Single (never married),5 years of education,Yes,Adult Daughter,Adult Daughter,5,Can only write name,Yes,3,,,Attached Formal Housing,,,1,No,No,No,Brick or stone,Galvanized iron or aluminum,Private tubewell/pipe/pump,23,1,1,3,,,,,,,,1,,,,,,1,,,,,,,No,0,0,0,0,0,0,0,0,0,0,0,0,1,0,1,,Service,23,2,Labour,55,1,Housewife,45,2,Service,25,1,Student,11,2,,,,,,,,,,,,,,,
223.4,223,Mirpur,Dhaka,57,2,19,Single (never married),6 years of education,Yes,Adult Daughter,Adult Daughter,5,5 years of education,Yes,3,,,Attached Formal Housing,,,1,No,No,No,Brick or stone,Galvanized iron or aluminum,Private tubewell/pipe/pump,23,1,1,2,,,,,,,,1,,,,,,,,,,,,,No,0,0,0,0,0,0,0,0,0,0,0,0,0,0,0,,Service,19,2,Labour,56,1,Housewife,45,2,Service,12,2,Student,7,1,,,,,,,,,,,,,,,
111.2,111,PALLABI,DHAKA,74,1,30,Married,5 years of education,Yes,Spouse of the Head of Household,SPOUSE OF HOUSEHOLD HEAD,3,,Yes,2,,,Attached Informal Housing,,,1,No,No,No,Galvanized iron or aluminum or other metal sheets,Galvanized iron or aluminum,Faucet/Tap in the home,23,1,1,1,,,,,,,,,,,,,,,,,,,,,No,0,0,0,0,0,1,0,0,0,0,0,0,1,0,0,,LABOUR,40,1,STUDENT,12,1,SERVICE,30,2,,,,,,,,,,,,,,,,,,,,,
112.1,112,PALLABI,DHAKA,75,1,29,Widowed,5 years of education,Yes,Head of household,HOUSEHOLD HEAD,3,,No,2,,,Attached Informal Housing,,,1,No,No,No,Galvanized iron or aluminum or other metal sheets,Galvanized iron or aluminum,Faucet/Tap in the home,23,1,1,1,,,,,,,,,,,,,,,,,,,,,No,0,0,0,0,0,0,0,0,0,0,0,0,0,0,0,,SERVICE,29,2,SERVICE,50,2,STUDENT,11,2,,,,,,,,,,,,,,,,,,,,,
113.2,113,PALLABI,DHAKA,77,1,26,Married,7 years of education,Yes,Spouse of the Head of Household,SPOUSE OF HOUSEHOLD HEAD,2,,Yes,2,,,Attached Formal Housing,,,1,No,No,No,Brick or stone,Galvanized iron or aluminum,Faucet/Tap in the home,23,1,1,1,,,1,,,,,,,,,1,,,,,,,,,Yes,0,0,0,0,0,0,0,0,0,0,1,0,0,0,0,,RICKSHAW DRIVER,35,1,SERVICE,26,2,,,,,,,,,,,,,,,,,,,,,,,,
206.2,206,MIRPUR,DHAKA,35,2,25,Married,8 years of education,Yes,Spouse of the Head of Household,SPOUSE OF HOUSEHOLD HEAD,2,,No,2,,,Multi-story apartment complex,,,1,No,No,No,Brick or stone,Concrete,Faucet/Tap in the home,23,1,1,2,1,,,,,,,,,,,,1,1,,,,,,,No,0,0,0,0,0,0,0,0,0,0,1,0,0,0,1,,SERVICE,27,1,SERVICE,25,2,,,,,,,,,,,,,,,,,,,,,,,,
207.4,207,MIRPUR,DHAKA,37,2,22,Single (never married),5 years of education,Yes,Adult Daughter,ADUIT DAUGHTER,3,Can only write name,Yes,2,,,Multi-story apartment complex,,,1,No,No,No,Brick or stone,Concrete,Faucet/Tap in the home,23,1,1,2,,,,,,,,,,,2,,1,,,,,,,,No,0,0,0,0,0,0,0,0,0,0,0,0,1,0,1,,LABOUR,55,2,STUDENT,12,1,SERVICE,22,2,,,,,,,,,,,,,,,,,,,,,
208.1,208,MIRPUR,DHAKA,23,2,36,Married,5 years of education,Yes,Head of household,HOUSEHOLD HEAD,2,,No,2,,,Attached Formal Housing,,,1,No,No,No,Brick or stone,Galvanized iron or aluminum,Faucet/Tap in the home,23,1,1,2,,,,,,,,,,,,1,2,,,,,,,,No,0,0,0,0,1,0,0,0,0,0,1,0,1,0,0,,BUSINESS,44,1,SERVICE,36,2,,,,,,,,,,,,,,,,,,,,,,,,
209.2,209,MIRPUR,DHAKA,40,2,22,Married,5 years of education,Yes,Spouse of the Head of Household,SPOUSE OF HOUSEHOLD HEAD,2,,No,2,,,Attached Formal Housing,,,1,No,No,No,Brick or stone,Galvanized iron or aluminum,Faucet/Tap in the home,23,,1,1,,,,,,,,,,,,,,,,,,,,,No,0,0,0,0,0,0,0,0,0,0,1,0,0,0,0,,BUSINESS,24,1,SERVICE,22,2,,,,,,,,,,,,,,,,,,,,,,,,
217.8,217,Mirpur,Dhaka,51,2,22,Married,2 years of education,Yes,Adult Female Sibling-in-law,sister in law,5,Can only write name,Yes,3,,,Multi-story apartment complex,,,2,Yes,Yes,No,Brick or stone,Concrete,Faucet/Tap in the home,23,1,2,2,,,,,,,,,,,,1,,,,,,,,,No,0,0,0,0,0,0,0,0,0,0,0,0,1,0,0,,SERVICE,22,2,LABOUR,24,1,SERVICE,40,2,STUIDENT,17,1,CHILD,2,2,,,,,,,,,,,,,,,
218.1,218,Mirpur,Dhaka,52,2,34,Married,5 years of education,Yes,Head of household,Household Head,4,,No,1,,,Attached Formal Housing,,,1,Yes,Yes,No,Brick or stone,Galvanized iron or aluminum,Faucet/Tap in the home,23,1,1,1,,,,,,,,1,1,,1,,,,,,,,,,No,0,0,0,0,0,0,0,0,0,0,0,0,0,0,0,,Service,34,2,Retired,45,1,Student,19,1,Student,9,1,,,,,,,,,,,,,,,,,,
306.2,306,PALLABI,DHAKA,9,3,28,Married,5 years of education,Yes,Spouse of the Head of Household,SPOUSE OF HOUSEHOLD HEAD,5,,No,3,,,Single-story apartment complex,,,1,No,No,No,Brick or stone,Fibrous cement,Faucet/Tap in the home,22,,1,1,,,1,,,,,,,,,,,,,,,,,,No,0,0,0,0,0,0,0,0,0,0,0,0,0,0,0,,SERVICE,28,2,RICKSHAW DRIVER,36,1,SERVICE,15,2,STUDENT,12,1,STUDENT,9,2,,,,,,,,,,,,,,,
309.2,309,PALLABI,DHAKA,75,3,26,Married,Can only write name,Yes,Spouse of the Head of Household,SPOUSE OF HOUSEHOLD HEAD,3,,No,2,,,Multi-story apartment complex,,,1,No,No,No,Brick or stone,Fibrous cement,Faucet/Tap in the home,22,1,1,2,,,,,,,,,,,,,,,,,,,,,No,0,0,0,0,0,0,0,0,0,0,0,0,0,0,1,,SERVICE,26,2,SERVICE,30,1,STUDENT,12,1,,,,,,,,,,,,,,,,,,,,,
310.2,310,PALLABI,DHAKA,82,3,25,Married,Can only write name,Yes,Spouse of the Head of Household,SPOUSE OF HOUSEHOLD HEAD,3,,Yes,2,,,Attached Formal Housing,,,1,No,No,No,Brick or stone,Mixed but predominantly iron/aluminum/tiles/fibrous cement,Faucet/Tap in the home,21,1,1,2,,,,,,,,,,,1,,,,1,,,,,,No,0,0,0,0,0,0,0,0,0,0,0,0,0,0,0,,SERVICE,25,2,LABOUR,32,1,CHILD,4,2,,,,,,,,,,,,,,,,,,,,,
311.2,311,PALLABI,DHAKA,84,3,30,Married,Can only write name,Yes,Spouse of the Head of Household,SPOUSE OF HOUSEHOLD HEAD,3,,Yes,2,,,Single-story apartment complex,,,1,No,No,No,Brick or stone,Fibrous cement,Faucet/Tap in the home,23,,1,2,,,1,,,,,,,,,,,,,,,,,,No,0,0,0,0,0,0,0,0,0,0,0,0,0,0,0,,SERVICE,30,2,LABOUR,40,1,STUDENT,9,1,,,,,,,,,,,,,,,,,,,,,
312.2,312,PALLABI,DHAKA,92,3,35,Married,8 years of education,Yes,Spouse of the Head of Household,SPOUSE OF HOUSEHOLD HEAD,7,,Yes,3,,,Single-story apartment complex,,,1,No,No,No,Brick or stone,Galvanized iron or aluminum,Faucet/Tap in the home,22,1,1,1,,,,,,,,,,,1,1,,,,,,,,,No,0,0,0,0,0,0,0,0,0,0,0,0,0,0,0,,SERVICE,35,2,BUSINESS,45,1,BUSINESS,23,1,STUDENT,14,2,STUDENT,12,2,STUDENT,10,1,HOUSEWIFE,16,2,,,,,,,,,
313.2,313,PALLABI,DHAKA,93,3,30,Married,Can only write name,Yes,Spouse of the Head of Household,SPOUSE OF HOUSEHOLD HEAD,5,,No,2,,,Attached Formal Housing,,,1,No,No,No,Brick or stone,Galvanized iron or aluminum,Faucet/Tap in the home,23,1,1,1,,,,,,,,,,,,,,,,,,,,,No,0,0,0,0,0,0,0,0,0,0,0,0,0,0,0,,SERVICE,30,2,SERVICE,35,1,STUDENT,12,1,STUDENT,10,1,STUDENT,8,1,,,,,,,,,,,,,,,
317.2,317,PALLABI,DHAKA,97,3,30,Married,Can only write name,Yes,Spouse of the Head of Household,SPOUSE OF HOUSEHOLD HEAD,6,,Yes,5,,,Attached Formal Housing,,,1,No,No,No,Brick or stone,Galvanized iron or aluminum,Faucet/Tap in the home,23,1,1,1,,,1,,,,,,,,,,,,,,,,,,No,0,0,0,0,0,0,0,0,0,0,0,0,0,0,0,,SERVICE,30,2,RICKSHAW DRIVER,44,1,SERVICE,13,2,SERVICE,23,1,SERVICE,18,1,CHILD,7,1,,,,,,,,,,,,
318.2,318,PALLABI,DHAKA,98,3,40,Married,Can only write name,Yes,Spouse of the Head of Household,SPOUSE OF HOUSEHOLD HEAD,5,,No,5,,,Attached Formal Housing,,,1,No,No,No,Brick or stone,Galvanized iron or aluminum,Faucet/Tap in the home,23,1,1,1,,,,,,,,,,,,,,,,,,,,,No,0,0,0,0,0,0,0,0,0,0,0,0,0,0,0,,SERVICE,40,2,JOB LESS,60,1,SERVICE,18,1,SERVICE,15,1,SERVICE,24,2,,,,,,,,,,,,,,,
314.2,314,PALLABI,DHAKA,94,3,30,Married,Can only write name,Yes,Spouse of the Head of Household,SPOUSE OF HOUSEHOLD HEAD,5,,No,2,,,Attached Formal Housing,,,1,No,No,No,Brick or stone,Galvanized iron or aluminum,Faucet/Tap in the home,23,1,1,1,,,,,1,,,,,,,1,,,,,,,,,No,0,0,0,0,0,0,0,0,0,0,0,0,0,0,0,,SERVICE,30,2,VAN DRIVER,35,1,STUDENT,11,1,STUDENT,8,2,STUDENT,8,1,,,,,,,,,,,,,,,
315.2,315,PALLABI,DHAKA,95,3,27,Married,10 years of education,Yes,Spouse of the Head of Household,SPOUSE OF HOUSEHOLD HEAD,2,,No,2,,,Attached Formal Housing,,,1,No,No,No,Brick or stone,Galvanized iron or aluminum,Faucet/Tap in the home,23,1,1,2,,,,,,,1,,,,,,,,,,,,,,No,0,0,0,0,0,0,0,0,0,0,0,0,0,0,0,,SERVICE,27,2,SERVICE,32,1,,,,,,,,,,,,,,,,,,,,,,,,
316.2,316,PALLABI,DHAKA,96,3,21,Married,5 years of education,Yes,Spouse of the Head of Household,SPOUSE OF HOUSEHOLD HEAD,2,,No,2,,,Attached Formal Housing,,,1,No,No,No,Brick or stone,Galvanized iron or aluminum,Faucet/Tap in the home,23,1,1,1,,,,,,,,,,,,,,1,,,,,,,Yes,0,0,0,0,0,0,0,0,0,0,0,0,0,0,0,,SERVICE,21,2,SERVICE,26,1,,,,,,,,,,,,,,,,,,,,,,,,
319.2,319,PALLABI,DHAKA,99,3,24,Married,5 years of education,Yes,Spouse of the Head of Household,SPOUSE OF HOUSEHOLD HEAD,2,,No,2,,,Multi-story apartment complex,,,1,No,No,No,Concrete/Cement,Concrete,Faucet/Tap in the home,22,1,1,2,,,,,,,,,,,,,1,,,,,,,,No,0,0,0,0,0,0,0,0,0,0,0,0,0,0,0,,SERVICE,24,2,SERVICE,26,1,,,,,,,,,,,,,,,,,,,,,,,,
320.2,320,Pallobi,Dhaka,100,3,26,Married,8 years of education,Yes,Spouse of the Head of Household,Spouse of household head,4,,Yes,1,,,Multi-story apartment complex,,,1,No,No,No,Concrete/Cement,Fibrous cement,Faucet/Tap in the home,23,1,1,1,,,,,,,1,,,,,,,1,,,,,,,No,0,0,0,0,0,0,0,0,0,0,0,0,0,0,1,,service,26,2,Labour,30,1,Student,13,1,Student,6,1,,,,,,,,,,,,,,,,,,
321.2,321,Pallabi,Dhaka,101,3,35,Married,5 years of education,Yes,Spouse of the Head of Household,spouse of household head,5,,No,1,,,Multi-story apartment complex,,,1,No,No,No,Concrete/Cement,Fibrous cement,Faucet/Tap in the home,22,2,1,2,,,,,,,,1,,,2,,,,,,,,,,No,0,0,0,0,0,0,0,0,1,0,0,0,0,0,0,,Service,35,2,Driver,36,1,Service,18,1,Student,5,1,Student,15,2,,,,,,,,,,,,,,,
401.2,401,GAZIPUR SADAR,GAZIPUR,3,4,43,Married,4 years of education,Yes,Spouse of the Head of Household,SPOUSE OF HOUSE HOLD HEAD,4,,No,3,,,Attached Formal Housing,,,1,No,No,No,Brick or stone,Galvanized iron or aluminum,Private tubewell/pipe/pump,21,1,2,2,,,1,,,,,,,,1,1,2,1,,,,,,,No,0,0,0,0,0,1,0,0,0,0,0,0,0,0,0,,RICKSHAW DRIVER,45,1,SERVICE,21,1,GARMENTS WORKERS,43,2,STUDENT,14,2,,,,,,,,,,,,,,,,,,
402.2,402,GAZIPUR SADAR,GAZIPUR,4,4,27,Separated/Divorced,10 years of education,No,,,,,,,No,1,Attached Formal Housing,,,1,No,No,No,Brick or stone,Galvanized iron or aluminum,Private tubewell/pipe/pump,21,,1,1,,,,,,,,,,,,,1,,,,,,,,No,0,0,0,0,0,0,0,0,0,0,0,0,0,0,0,,GARMENTS WORKERS,27,2,,,,,,,,,,,,,,,,,,,,,,,,,,,
404.1,404,GAZIPUR SADAR,GAZIPUR,9,4,23,Married,8 years of education,Yes,Head of household,HOUSE HOLD HEAD,2,,No,2,,,Attached Formal Housing,,,1,No,No,No,Brick or stone,Galvanized iron or aluminum,Private tubewell/pipe/pump,21,1,1,1,,,,,,,,,,,,1,,,,,,,,,No,0,0,0,0,0,0,0,0,0,0,0,0,1,0,0,,GARMENTS WORKERS,30,1,GARMENTS WORKERS,23,2,,,,,,,,,,,,,,,,,,,,,,,,
405.2,405,GAZIPUR SADAR,GAZIPUR,10,4,27,Married,5 years of education,Yes,Spouse of the Head of Household,SPOUSE OF HOUSE HOLD HEAD,3,,No,2,,,Attached Formal Housing,,,1,No,No,No,Brick or stone,Galvanized iron or aluminum,Private tubewell/pipe/pump,21,,1,1,,,,,,,,,,,,,2,,,,1,,,,No,0,0,0,0,0,0,0,0,0,0,0,0,1,0,0,,STORE KEEPER STAFF,35,1,GARMENTS WORKERS,27,2,STUDENT,12,1,,,,,,,,,,,,,,,,,,,,,
406.2,406,GAZIPUR SADAR,GAZIPUR,11,4,27,Married,2 years of education,Yes,Spouse of the Head of Household,SPOUSE OF HOUSE HOLD HEAD,5,,No,2,,,Attached Formal Housing,,,1,No,No,No,Brick or stone,Galvanized iron or aluminum,Private tubewell/pipe/pump,21,1,1,1,,,,,,,,,,,1,,2,,1,,,,,,No,0,0,0,0,0,0,0,0,0,0,0,0,1,0,0,,GARMENTS WORKERS,30,1,GARMENTS WORKERS,27,2,STUDENT,6,1,STUDENT,8,2,HOUSE WIFE,45,2,,,,,,,,,,,,,,,
407.1,407,GAZIPUR SADAR,GAZIPUR,12,4,29,Married,Can only write name,Yes,Head of household,HOUSE HOLD HEAD,3,,No,2,,,Attached Formal Housing,,,1,No,No,No,Brick or stone,Galvanized iron or aluminum,Private tubewell/pipe/pump,21,,1,1,,,,,,,,,,,,,1,,,,,,,,No,0,0,0,0,0,0,0,0,0,0,0,0,1,0,0,,SELUN BUSINESS,30,1,GARMENTS WORKERS,29,2,STUDENT,10,1,,,,,,,,,,,,,,,,,,,,,
408.1,408,GAZIPUR SADAR,GAZIPUR,14,4,30,Married,Can only write name,Yes,Head of household,HOUSE HOLD HEAD,5,,No,2,,,Attached Formal Housing,,,1,No,No,No,Galvanized iron or aluminum or other metal sheets,Galvanized iron or aluminum,Private tubewell/pipe/pump,20,,1,1,,,,,,,,,,,,,1,,,,,,,,No,0,0,0,0,0,0,0,0,0,0,0,0,1,0,0,,ELECTRITIAN,35,1,GARMENTS WORKERS,30,2,STUDENT,10,1,N/A,5,2,N/A,3,2,,,,,,,,,,,,,,,
409.1,409,GAZIPUR SADAR,GAZIPUR,15,4,26,Married,5 years of education,Yes,Head of household,HOUSE HOLD HEAD,3,,Yes,3,,,Attached Formal Housing,,,1,No,No,No,Clay/dung with straw,Galvanized iron or aluminum,Private tubewell/pipe/pump,20,1,1,1,,,,,,,,,,,,,2,,,,1,,,,No,0,0,0,0,0,1,0,0,0,0,0,0,1,0,0,,RICKSHAW DRIVER,32,1,SERVANT,45,2,GARMENTS WORKERS,26,2,,,,,,,,,,,,,,,,,,,,,
302.9,302,PALLABI,DHAKA,3,3,18,Single (never married),8 years of education,Yes,Other (Specifiy),ELDER SISTER,4,8 years of education,No,2,,,Attached Formal Housing,,,1,No,No,No,Brick or stone,Galvanized iron or aluminum,Faucet/Tap in the home,22,1,1,1,,,,,,,,1,,,,,1,,,,,,,,No,0,0,0,0,0,0,0,0,0,0,0,0,0,0,0,,SERVICE,18,2,SERVICE,32,1,HOUSEWIFE,25,2,JOB LESS,2,2,,,,,,,,,,,,,,,,,,
303.2,303,PALLABI,DHAKA,5,3,30,Married,3 years of education,Yes,Spouse of the Head of Household,SPOUSE OF HOUSEHOLD HEAD,4,,No,2,,,Attached Formal Housing,,,1,No,No,No,Brick or stone,Galvanized iron or aluminum,Faucet/Tap in the home,22,1,1,1,,,,,,,1,1,,,,,,,,,,,,,Yes,0,1,0,0,0,0,0,0,0,0,0,0,0,0,0,,SERVICE,30,2,NO WORK,40,1,SERVICE,22,2,STUDENT,18,2,,,,,,,,,,,,,,,,,,
115.2,115,PALLABI,DHAKA,79,1,35,Married,5 years of education,Yes,Spouse of the Head of Household,SPOUSE OF HOUSEHOLD HEAD,2,,Yes,2,,,Attached Formal Housing,,,1,No,No,No,Brick or stone,Galvanized iron or aluminum,Faucet/Tap in the home,23,,1,1,,,1,,,,,,,,,,,,,,,,,,No,0,0,0,0,0,0,0,0,0,0,1,0,1,1,0,,RICKSHAW DRIVER,45,1,SERVICE,35,2,,,,,,,,,,,,,,,,,,,,,,,,
118.2,118,PALLABI,DHAKA,82,1,28,Married,Can only write name,No,,,,,,,No,1,Attached Informal Housing,,,1,No,No,No,Galvanized iron or aluminum or other metal sheets,Galvanized iron or aluminum,Faucet/Tap in the home,23,,1,1,,,,,,,,,,,,,,,,,,,,,No,0,0,0,0,0,0,0,0,0,0,1,0,1,0,0,,SERVICE,28,2,,,,,,,,,,,,,,,,,,,,,,,,,,,
120.2,120,Rupnagar,Dhaka,84,1,30,Married,5 years of education,Yes,Spouse of the Head of Household,spouse of household head,3,,Yes,1,,,Multi-story apartment complex,,,1,No,No,No,Brick or stone,Concrete,Faucet/Tap in the home,23,,1,,,,,,,,,,,,,,,,,,,,,,No,0,0,0,0,0,0,0,0,0,0,0,0,1,1,0,,Service,30,2,Rickshaw Driver,35,1,Student,8,2,,,,,,,,,,,,,,,,,,,,,
201.2,201,MIRPUR,DHAKA,1,2,22,Married,8 years of education,Yes,Spouse of the Head of Household,SPOUSE OF HOUSEHOLD HEAD,2,,Yes,2,,,Attached Formal Housing,,,1,No,No,No,Brick or stone,Galvanized iron or aluminum,Private tubewell/pipe/pump,23,,1,1,,,,,,,,,,,,,,,,,,,,,No,0,0,0,0,0,0,0,0,0,0,0,0,0,0,0,,LABOUR,30,1,SERVICE,22,2,,,,,,,,,,,,,,,,,,,,,,,,
225.2,225,Dhaka,Dhaka,59,2,20,Married,5 years of education,Yes,Spouse of the Head of Household,Spoue of household head,3,,Yes,2,,,Attached Formal Housing,,,1,No,No,No,Brick or stone,Galvanized iron or aluminum,Faucet/Tap in the home,23,1,1,2,,,1,,,,,,,,,1,,,,,,,,,No,0,0,0,0,0,0,0,0,0,0,0,0,1,0,0,,Service,20,2,Labour,22,1,Child,5,2,,,,,,,,,,,,,,,,,,,,,
301.2,301,PALLABI,DHAKA,1,3,32,Married,Illiterate,Yes,Spouse of the Head of Household,SPOUSE OF HOUSEHOLD HEAD,4,,No,2,,,Attached Formal Housing,,,1,No,No,No,Galvanized iron or aluminum or other metal sheets,Galvanized iron or aluminum,Faucet/Tap in the home,21,1,1,1,,,1,,,,,,,,,1,,,,,,,,,No,0,0,0,0,0,0,0,0,0,0,0,0,0,0,1,,SERVICE,32,2,RICKSHAW,40,1,STUDENT,17,1,STUDENT,16,1,,,,,,,,,,,,,,,,,,
101.2,101,PALLABI,DHAKA,4,1,26,Married,6 years of education,Yes,Spouse of the Head of Household,SPOUSE OF HOUSEHOLD HEAD,3,,No,2,,,Detached/Free-Standing Formal Home,,,1,No,No,No,Brick or stone,Fibrous cement,Faucet/Tap in the home,22,1,1,1,,,,,,,,,,,,,,1,,,,,,,No,0,0,0,0,0,0,0,0,0,0,0,0,0,0,0,,SERVICE,26,2,SERVICE,35,1,STUDENT,7,1,,,,,,,,,,,,,,,,,,,,,
102.4,102,PALLABI,DHAKA,5,1,19,Single (never married),9 years of education,Yes,Adult Daughter,ADULT DAUGHTER,7,Can only write name,Yes,5,,,Attached Informal Housing,,,1,Yes,Yes,No,Galvanized iron or aluminum or other metal sheets,Galvanized iron or aluminum,Faucet/Tap in the home,22,1,1,1,,,,,,,1,1,,,,,1,,,,,,,,No,0,0,0,0,0,0,0,0,0,0,0,0,0,0,0,,SERVICE,19,2,BUSINESS,45,1,HOUSEWIFE,40,2,SERVICE,17,2,SERVICE,22,1,SERVICE,20,1,STUDENT,8,1,,,,,,,,,
103.4,103,PALLABI,DHAKA,11,1,28,Married,6 years of education,Yes,Adult Daughter,ADULT DAUGHTER,6,5 years of education,Yes,5,,,Attached Informal Housing,,,1,No,No,No,Galvanized iron or aluminum or other metal sheets,Galvanized iron or aluminum,Faucet/Tap in the home,22,1,1,1,1,,,,,,,1,,,,1,2,1,,,,,,,No,0,0,0,0,0,0,0,0,0,0,0,0,1,0,0,,SERVICE,28,2,BUSINESS,55,1,SERVICE,35,1,SERVICE (BUSINESS),42,2,SERVICE,22,1,STUDENT,10,2,,,,,,,,,,,,
105.1,105,PALLABI,DHAKA,41,1,25,Separated/Divorced,5 years of education,Yes,Head of household,HOUSEHOLD HEAD,2,,No,2,,,Detached/Free-Standing Informal Home,,,1,No,No,No,Galvanized iron or aluminum or other metal sheets,Galvanized iron or aluminum,Faucet/Tap in the home,23,1,1,1,,,,,,,,,,,,,,,,,,,,,No,0,0,0,0,0,0,0,0,0,0,1,0,0,1,0,,SERVICE,25,2,SERVICE,16,1,,,,,,,,,,,,,,,,,,,,,,,,
106.1,106,PALLABI,DHAKA,42,1,19,Single (never married),6 years of education,Yes,Head of household,HOUSEHHOLD HEAD,2,,Yes,2,,,Detached/Free-Standing Informal Home,,,2,No,No,No,Galvanized iron or aluminum or other metal sheets,Galvanized iron or aluminum,Faucet/Tap in the home,23,,2,2,,,,,,,,1,,,,1,5,,,,,,,,No,0,0,0,0,0,0,0,0,0,0,1,0,0,0,0,,SERVICE,19,2,DRIVER,16,1,,,,,,,,,,,,,,,,,,,,,,,,
107.4,107,PALLABI,DHAKA,17,1,19,Single (never married),5 years of education,Yes,Adult Daughter,ADULT DAUGHTER,6,Can only write name,Yes,3,,,Attached Informal Housing,,,1,Yes,Yes,No,Galvanized iron or aluminum or other metal sheets,Galvanized iron or aluminum,Faucet/Tap in the home,23,,1,1,,,,,,,,,,,1,1,2,1,,,,,,,No,0,0,0,0,0,0,0,0,0,0,0,0,0,0,0,,SERVICE,19,2,HOUSEWIFE,40,2,SERVICE,25,1,SERVICE,45,1,HOUSEWIFE,21,2,CHILD,2,2,,,,,,,,,,,,
108.1,108,PALLABI,DHAKA,46,1,42,Married,Can only write name,Yes,Head of household,HOUSEHOLD HEAD,3,,No,2,,,Multi-story apartment complex,,,1,No,No,No,Brick or stone,Fibrous cement,Faucet/Tap in the home,23,1,1,1,,,,,,,,,,,,1,1,,,,,,,,Yes,0,0,0,0,0,0,1,0,0,0,0,0,0,0,0,,SERVICE,42,2,SERVICE,23,1,HOUSEWIFE,16,2,,,,,,,,,,,,,,,,,,,,,
109.2,109,PALLABI,DHAKA,72,1,22,Married,12 years of education,Yes,Spouse of the Head of Household,SPOUSE OF HOUSEHOLD HEAD,2,,No,2,,,Single-story apartment complex,,,1,No,No,No,Brick or stone,Concrete,Faucet/Tap in the home,23,1,1,1,,,,,,,,,,,,,,,,,,,,,No,0,0,0,0,0,0,0,0,0,0,1,0,0,0,0,,SERVICE,25,1,SERVICE,22,2,,,,,,,,,,,,,,,,,,,,,,,,
110.2,110,PALLABI,DHAKA,73,1,27,Married,5 years of education,Yes,Spouse of the Head of Household,SPOUSE OF HOUSEHOLD HEAD,4,,No,2,,,Attached Informal Housing,,,1,No,No,No,Galvanized iron or aluminum or other metal sheets,Galvanized iron or aluminum,Faucet/Tap in the home,23,1,2,2,,,,,,,,1,,,,1,,,,,,,,,No,0,0,0,0,0,0,0,0,0,0,0,0,0,0,0,,SERVICE,30,1,HOUSEWIFE,17,2,CHILD,1,2,SERVICE,27,2,,,,,,,,,,,,,,,,,,
410.2,410,GAZIPUR SADAR,GAZIPUR,23,4,32,Married,3 years of education,Yes,Spouse of the Head of Household,SPOUSE OF HOUSE HOLD HEAD,5,,Yes,2,,,Attached Formal Housing,,,1,No,No,No,Brick or stone,Galvanized iron or aluminum,Private tubewell/pipe/pump,20,1,1,2,,,,,,,,,,,1,,1,1,,,,,,,No,0,0,0,0,0,1,0,0,0,0,0,0,0,0,0,,BAMBO AND CANE WORKES,32,1,GARMENTS WORKERS,32,2,STUDENT,15,2,STUDENT,7,2,N/A,2.5,2,,,,,,,,,,,,,,,
411.2,411,GAZIPUR SADAR,GAZIPUR,29,4,29,Married,8 years of education,Yes,Spouse of the Head of Household,SPOUSE OF HOUSE HOLD HEAD,2,,No,2,,,Attached Formal Housing,,,1,No,No,No,Galvanized iron or aluminum or other metal sheets,Galvanized iron or aluminum,Private tubewell/pipe/pump,21,,1,1,,,,,,,,,,,1,,1,,,,,,,,Yes,0,1,0,0,0,0,0,0,0,0,1,0,0,0,0,,GARMENTS WORKERS,32,1,GARMENTS WORKERS,29,2,,,,,,,,,,,,,,,,,,,,,,,,
202.1,202,MIRPUR,DHAKA,2,2,39,Widowed,8 years of education,Yes,Head of household,HOUSEHOLD HEAD,2,,No,1,,,Attached Formal Housing,,,1,No,No,No,Brick or stone,Galvanized iron or aluminum,Private tubewell/pipe/pump,23,,1,1,,,,,,,,,,,1,,,,,,,,,,Yes,0,1,0,0,0,0,0,0,0,0,0,0,0,0,1,,STUDENT,10,1,SERVICE,39,2,,,,,,,,,,,,,,,,,,,,,,,,
204.4,204,MIRPUR,DHAKA,9,2,18,Single (never married),8 years of education,Yes,Adult Daughter,ADUIT DAUGHTER,4,3 years of education,No,3,,,Attached Formal Housing,,,1,No,No,No,Brick or stone,Galvanized iron or aluminum,Private tubewell/pipe/pump,23,1,1,2,,,,,,,,,,,1,,,1,,,,,,,No,0,0,0,0,0,0,0,0,0,0,0,0,1,0,0,,BUSINESS,42,1,SERVANT,35,2,STUDENT,7,1,SERVICE,18,2,,,,,,,,,,,,,,,,,,
205.2,205,MIRPUR,DHAKA,26,2,26,Married,10 years of education,Yes,Spouse of the Head of Household,SPOUSE OF HOUSEHOLD HEAD,3,,No,2,,,Single-story apartment complex,,,1,No,No,No,Brick or stone,Concrete,Faucet/Tap in the home,23,,1,1,,,,,,,,,,,,1,,,,,,,,,No,0,0,0,0,0,0,0,0,0,0,0,0,1,0,0,,SERVICE,33,1,SERVCE,26,2,,7,2,,,,,,,,,,,,,,,,,,,,,
412.8,412,GAZIPUR SADAR,GAZIPUR,31,4,23,Married,9 years of education,Yes,Adult Female Sibling-in-law,DAUGHTER IN LAW,8,2 years of education,No,5,,,Attached Formal Housing,,,2,No,No,No,Galvanized iron or aluminum or other metal sheets,Galvanized iron or aluminum,Private tubewell/pipe/pump,21,1,2,4,1,,,,,,,,,,,1,2,,,,,,,,No,0,0,0,0,0,0,0,0,0,0,0,0,1,0,0,,GARMENTS WORKERS,22,1,MASON,45,1,GARMENTS WORKERS,19,1,GARMENTS WORKERS,23,2,HOUSE WIFE,100,2,CNG DRIVER,30,1,N/A,6,1,N/A,0.25,1,,,,,,
413.8,413,GAZIPUR SADAR,GAZIPUR,32,4,28,Married,5 years of education,Yes,Adult Female Sibling-in-law,DAUGHTER IN LAW,4,Can only write name,No,2,,,Attached Formal Housing,,,2,No,No,No,Brick or stone,Galvanized iron or aluminum,Private tubewell/pipe/pump,21,1,2,2,,,,1,,,,1,,,1,,2,1,,,,,,,No,0,0,0,0,0,1,0,0,0,0,0,0,0,0,0,,VOTVOTI DRIVER,30,1,GARMENTS WORKERS,28,2,HOUSE WIFE,45,2,STUDENT,9,1,,,,,,,,,,,,,,,,,,
414.2,414,GAZIPUR SADAR,GAZIPUR,33,4,30,Married,5 years of education,Yes,Spouse of the Head of Household,SPOUSE OF HOUSE HOLD HEAD,5,,No,2,,,Attached Formal Housing,,,1,No,No,No,Brick or stone,Galvanized iron or aluminum,Private tubewell/pipe/pump,21,1,1,1,,,,1,,,,,,,1,,,,,,,,,,No,0,0,0,0,0,1,0,0,0,0,0,0,0,0,0,,VAN DRIVER,35,1,GARMENTS WORKERS,30,2,STUDENT,14,2,STUDENT,10,2,N/A,1,2,,,,,,,,,,,,,,,
416.2,416,GAZIPUR SADAR,GAZIPUR,35,4,30,Married,Can only write name,Yes,Spouse of the Head of Household,SPOUSE OF HOUSE HOLD HEAD,5,,No,2,,,Attached Formal Housing,,,1,No,No,No,Galvanized iron or aluminum or other metal sheets,Galvanized iron or aluminum,Private tubewell/pipe/pump,21,1,1,1,,,1,,,,,,,,,,,,,,,,,,No,0,0,0,0,0,0,1,0,0,0,0,0,0,0,0,,RICKSHAW DRIVER,47,1,GARMENTS WORKERS,30,2,STUDENT,12,1,N/A,9,1,N/A,6,1,,,,,,,,,,,,,,,
418.4,418,GAZIPUR SADAR,GAZIPUR,41,4,23,Single (never married),5 years of education,Yes,Adult Daughter,ADDALT DAUGHTER,6,Can only write name,Yes,3,,,Attached Formal Housing,,,1,No,No,No,Brick or stone,Galvanized iron or aluminum,Private tubewell/pipe/pump,21,1,1,1,,,,,,,,,,,,1,2,,,,,,,,No,0,0,0,0,0,0,0,0,0,0,0,0,1,0,0,,MASON,45,1,HOUSE WIFE,40,2,GARMENTS WORKER,23,2,N/A,12,2,N/A,8,2,BUSINESS,18,1,,,,,,,,,,,,
420.2,420,GAZIPUR SADAR,GAZIPUR,43,4,31,Married,Can only write name,Yes,Spouse of the Head of Household,SPOUSE OF HOUSE HOLD HEAD,2,,No,2,,,Attached Formal Housing,,,1,No,No,No,Galvanized iron or aluminum or other metal sheets,Galvanized iron or aluminum,Private tubewell/pipe/pump,21,,1,1,,,,,,,,,,,,,1,,,,,,,,No,0,0,0,0,0,0,0,0,0,0,0,0,1,0,0,,VAN DRIVER,33,1,GARMENTS WORKERS,31,2,,,,,,,,,,,,,,,,,,,,,,,,
421.2,421,GAZIPUR SADAR,GAZIPUR,44,4,26,Married,5 years of education,Yes,Spouse of the Head of Household,SPOUSE OF HOUSEHOLD HEAD,3,,No,2,,,Attached Formal Housing,,,1,No,No,No,Galvanized iron or aluminum or other metal sheets,Galvanized iron or aluminum,Private tubewell/pipe/pump,21,1,1,1,,,,1,,,,,,,1,,1,,,,,,,,No,0,0,0,0,0,1,0,0,0,0,0,0,1,0,0,,BUSINESS,30,1,GARMENTS WORKERS,26,2,,6,2,,,,,,,,,,,,,,,,,,,,,
501.2,501,KALIAKOIR,GAZIPUR,2,5,25,Married,Can only write name,Yes,Spouse of the Head of Household,SPOUSE OF HOUSE HOLD HEAD,2,,No,2,,,Attached Formal Housing,,,1,No,No,No,Galvanized iron or aluminum or other metal sheets,Galvanized iron or aluminum,Private tubewell/pipe/pump,22,1,1,1,1,,,,,,,1,,,1,2,2,,,,,,,,No,0,0,0,0,0,0,0,0,0,0,1,0,0,0,0,,GARMENTS WORKER,30,1,GARMENTS WORKER,25,2,,,,,,,,,,,,,,,,,,,,,,,,
503.1,503,KALIAKOIR,GAZIPUR,3,5,31,Married,5 years of education,Yes,Head of household,HOUSE HOLD HEAD,2,,No,2,,,Attached Formal Housing,,,1,No,No,No,Galvanized iron or aluminum or other metal sheets,Galvanized iron or aluminum,Community tubewell/pipe/pump,19,1,1,2,,,,,,,1,,,,,1,,,,,,,,,No,0,0,0,0,0,1,0,0,0,0,1,0,1,0,0,,GARMENTS WORKER,35,1,GARMENTS WORKER,31,2,,,,,,,,,,,,,,,,,,,,,,,,
504.2,504,KALIAKOIR,GAZIPUR,4,5,31,Married,5 years of education,Yes,Spouse of the Head of Household,SPOUSE OF HOUSE HOUSE HOLD HEAD,3,,No,2,,,Detached/Free-Standing Formal Home,,,2,Yes,No,No,Galvanized iron or aluminum or other metal sheets,Galvanized iron or aluminum,Community tubewell/pipe/pump,0,1,2,2,2,,,,,,1,1,,2,1,,2,,,,,,,,No,0,0,0,0,0,1,0,0,0,0,1,0,0,0,0,,GARMENTS WORKER,41,1,STUDENT,8,1,GARMENTS WORKER,31,2,,,,,,,,,,,,,,,,,,,,,
505.1,505,KALIAKOIR,GAZIPUR,16,5,40,Separated/Divorced,Can only write name,Yes,Head of household,HOUSE HOLD HEAD,2,,No,2,,,Attached Formal Housing,,,1,No,No,No,Galvanized iron or aluminum or other metal sheets,Galvanized iron or aluminum,Private tubewell/pipe/pump,21,1,1,1,1,,,,,,,,1,,1,1,1,,,,,,,,No,0,0,0,0,0,0,0,0,0,0,0,0,0,0,0,,GARMENTS WORKER,22,1,GARMENTS WORKER,40,2,,,,,,,,,,,,,,,,,,,,,,,,
506.1,506,KALIAKOIR,GAZIPUR,19,5,42,Separated/Divorced,5 years of education,Yes,Head of household,HOUSE HOLD HEAD,3,,No,3,,,Attached Formal Housing,,,1,No,No,No,Brick or stone,Galvanized iron or aluminum,Private tubewell/pipe/pump,21,,1,2,,,,,,,,,1,,1,,,,,,,,,,No,0,0,0,0,0,1,0,0,0,0,0,0,0,0,0,,GARMENTS WORKER,18,1,GARMENTS WORKER,20,2,GARMENTS WORKER,42,2,,,,,,,,,,,,,,,,,,,,,
507.1,507,KALIAKOIR,GAZIPUR,22,5,28,Married,8 years of education,Yes,Head of household,HOUSE HOLD HEAD,2,,No,2,,,Attached Formal Housing,,,1,No,No,No,Galvanized iron or aluminum or other metal sheets,Galvanized iron or aluminum,Private tubewell/pipe/pump,18,,1,1,,,,,,,,,,,1,,,1,,,,,,,No,0,0,0,0,0,0,0,0,0,0,1,0,0,0,0,,GARMENTS WORKER,36,1,GARMENTS WORKER,28,2,,,,,,,,,,,,,,,,,,,,,,,,
508.2,508,KALIAKOIR,GAZIPUR,23,5,38,Separated/Divorced,Can only write name,No,,,,,,,No,1,Attached Formal Housing,,,1,No,No,No,Galvanized iron or aluminum or other metal sheets,Galvanized iron or aluminum,Private tubewell/pipe/pump,18,,1,1,,,,,,,,,,,,,,,,,,,,,No,0,0,0,0,0,0,0,0,0,0,1,0,0,0,0,,GARMENTS WORKER,38,2,,,,,,,,,,,,,,,,,,,,,,,,,,,
509.1,509,KALIAKOIR,GAZIPUR,29,5,24,Married,8 years of education,Yes,Head of household,HOUSE HOLD HEAD,3,,No,2,,,Attached Formal Housing,,,1,No,No,No,Galvanized iron or aluminum or other metal sheets,Galvanized iron or aluminum,Private tubewell/pipe/pump,21,1,1,2,,,,,,,,1,,2,2,1,1,,1,,,,,,Yes,0,1,0,0,0,1,0,0,0,0,1,0,0,0,0,,GARMENTS WORKER,26,1,CHILD,3,1,GARMENTS WORKER,24,2,,,,,,,,,,,,,,,,,,,,,
510.2,510,KALIAKOIR,GAZIPUR,30,5,22,Married,6 years of education,Yes,Spouse of the Head of Household,SPOUSE OF HOUSE HOLD HEAD,5,,No,2,,,Attached Formal Housing,,,2,No,No,No,Galvanized iron or aluminum or other metal sheets,Galvanized iron or aluminum,Private tubewell/pipe/pump,18,,1,3,,,,,,,,,,,1,,2,1,,,,,,,No,0,0,0,0,0,0,1,0,0,0,0,0,0,0,0,,LEGUNA DRIVER,28,1,CHILD,2,2,OLD,58,1,OLD,48,2,GARMENTS WORKER,22,2,,,,,,,,,,,,,,,
514.1,514,KALIAKOIR,GAZIPUR,49,5,35,Married,5 years of education,Yes,Head of household,HOUSE HOLD HEAD,4,,No,2,,,Attached Formal Housing,,,1,No,Yes,No,Brick or stone,Galvanized iron or aluminum,Private tubewell/pipe/pump,18,1,2,3,1,,,,,,,1,,2,3,2,6,1,1,,,,,,Yes,0,1,0,0,0,1,0,0,0,0,0,0,0,0,0,,GARMENTS WORKER,40,1,STUDENT,11,1,CHILD,5,1,GARMENTS WORKER,35,2,,,,,,,,,,,,,,,,,,
515.1,515,KALIAKOIR,GAZIPUR,51,5,23,Married,6 years of education,Yes,Head of household,HOUSE HOLD HEAD,2,,No,2,,,Attached Formal Housing,,,1,No,No,No,Brick or stone,Galvanized iron or aluminum,Private tubewell/pipe/pump,18,1,1,1,,,,,,,,,,,,1,,,,,,,,,No,0,0,0,0,0,0,0,0,0,0,1,0,0,0,0,,GARMENTS WORKER,27,1,GARMENTS WORKER,23,2,,,,,,,,,,,,,,,,,,,,,,,,
516.1,516,KALIAKOIR,GAZIPUR,52,5,31,Married,5 years of education,Yes,Head of household,HOUSE HOLD HEAD,2,,No,2,,,Attached Formal Housing,,,1,No,No,No,Galvanized iron or aluminum or other metal sheets,Galvanized iron or aluminum,Private tubewell/pipe/pump,19,1,1,2,,,,,,,,,,,,1,1,,,,,,,,No,0,0,0,0,0,0,0,0,0,0,1,0,0,0,0,,GARMENTS WORKERS,35,1,GARMENTS WORKERS,31,2,,,,,,,,,,,,,,,,,,,,,,,,
517.2,517,KALIAKOIR,GAZIPUR,54,5,24,Separated/Divorced,10 years of education,No,,,,,,,No,1,Attached Formal Housing,,,1,No,No,No,Galvanized iron or aluminum or other metal sheets,Galvanized iron or aluminum,Private tubewell/pipe/pump,19,,1,1,,,,,,,1,,,,,,,,,,,,,,No,0,0,0,0,0,0,0,0,0,0,1,0,0,0,0,,GARMENTS WORKER,24,2,,,,,,,,,,,,,,,,,,,,,,,,,,,
518.2,518,KALIAKOIR,GAZIPUR,55,5,25,Separated/Divorced,4 years of education,No,,,,,,,No,1,Attached Formal Housing,,,1,No,No,No,Galvanized iron or aluminum or other metal sheets,Galvanized iron or aluminum,Private tubewell/pipe/pump,18,,1,1,,,,,,,,,,,,,,,,,,,,,No,0,0,0,0,0,0,0,0,0,0,1,0,0,0,0,,GARMENTS WORKERS,25,2,,,,,,,,,,,,,,,,,,,,,,,,,,,
519.1,519,KALIAKOIR,GAZIPUR,56,5,32,Married,8 years of education,Yes,Head of household,HOUSE HOLD HEAD,2,,No,2,,,Attached Formal Housing,,,1,No,No,No,Galvanized iron or aluminum or other metal sheets,Galvanized iron or aluminum,Private tubewell/pipe/pump,21,1,1,2,,,,,,,1,,,,,,2,,,,,,,,Yes,0,0,1,0,0,0,0,0,0,0,1,0,0,0,0,,SERVICE,40,1,SERVICE,32,2,,,,,,,,,,,,,,,,,,,,,,,,
520.2,520,KALIAKOIR,GAZIPUR,57,5,36,Married,5 years of education,Yes,Spouse of the Head of Household,SPOUSE OF HOUSE HOLD HEAD,3,,Yes,2,,,Attached Formal Housing,,,1,No,No,No,Galvanized iron or aluminum or other metal sheets,Galvanized iron or aluminum,Private tubewell/pipe/pump,18,1,1,2,,,,,,,,,,,,1,4,,,,,,,,No,0,0,0,0,0,0,0,0,1,0,0,0,1,0,0,,Labour,35,1,GARMENTS WORKERS,36,2,STUDENT,9,1,,,,,,,,,,,,,,,,,,,,,
602.1,602,GAZIPUR SADAR,GAZIPUR,13,6,40,Married,Can only write name,Yes,Head of household,HOUSE HOLD HEAD,4,,Yes,2,,,Attached Formal Housing,,,1,No,No,No,Galvanized iron or aluminum or other metal sheets,Galvanized iron or aluminum,Faucet/Tap in the home,15,,1,1,,,,,,,,,,,,1,1,,,,,,,,No,0,0,0,0,0,1,0,0,0,0,0,0,0,0,0,,FARMER,46,1,STUDENT,14,2,STUDENT,10,1,SERVICE,40,2,,,,,,,,,,,,,,,,,,
604.2,604,GAZIPUR SADAR,GAZIPUR,21,6,27,Separated/Divorced,10 years of education,No,,,,,,,No,2,Attached Formal Housing,,,1,No,No,No,Brick or stone,Galvanized iron or aluminum,Private tubewell/pipe/pump,12,,1,1,,,,,,,,,,,1,,,,,,,,,,No,0,0,0,0,0,0,0,0,0,0,0,0,0,0,0,,SERVICE,27,2,SERVICE,25,2,,,,,,,,,,,,,,,,,,,,,,,,
605.2,605,GAZIPUR SADAR,GAZIPUR,22,6,23,Married,8 years of education,Yes,Spouse of the Head of Household,SPOUSE OF HOUSE HOLD HEAD,3,,No,2,,,Attached Formal Housing,,,1,No,No,No,Brick or stone,Galvanized iron or aluminum,Private tubewell/pipe/pump,12,1,1,2,,,,1,,,,,,,,1,8,1,,,1,,,,No,0,0,0,0,0,0,0,0,0,0,0,0,0,0,0,,CNG DRIVER,28,1,STUDENT,8,2,SERVICE,23,2,,,,,,,,,,,,,,,,,,,,,
606.1,606,GAZIPUR SADAR,GAZIPUR,25,6,26,Married,7 years of education,Yes,Head of household,HOUSE HOLD HEAD,4,,Yes,2,,,Attached Formal Housing,,,1,No,No,No,Brick or stone,Galvanized iron or aluminum,Private tubewell/pipe/pump,10,1,1,2,1,,,,,,1,1,,,1,,3,,,,,,,,Yes,0,0,0,0,0,0,0,0,0,0,0,0,1,0,0,,MASON,35,1,STUDENT,10,1,STUDENT,8,2,SERVICE,26,2,,,,,,,,,,,,,,,,,,
607.2,607,GAZIPUR SADAR,GAZIPUR,30,6,22,Married,8 years of education,Yes,Spouse of the Head of Household,SPOUSE OF HOUSE HOLD HEAD,2,,No,1,,,Attached Formal Housing,,,1,No,No,No,Brick or stone,Galvanized iron or aluminum,Private tubewell/pipe/pump,8,1,1,1,,,,,,,,,,,,,,,,,,,,,No,0,0,0,0,0,0,0,0,0,0,0,0,1,0,0,,FARMER,25,1,SERVICE,22,2,,,,,,,,,,,,,,,,,,,,,,,,
511.1,511,KALIAKOIR,GAZIPUR,31,5,24,Married,10 years of education,Yes,Head of household,HOUSE HOLD HEAD,2,,No,2,,,Attached Formal Housing,,,1,No,No,No,Galvanized iron or aluminum or other metal sheets,Galvanized iron or aluminum,Private tubewell/pipe/pump,18,1,1,2,,1,,,,,,,,,1,1,,,,,,,,,No,0,0,0,0,0,0,0,0,0,0,0,0,0,0,0,,GARMENTS WORKER,26,1,GARMENTS WORKER,24,2,,,,,,,,,,,,,,,,,,,,,,,,
513.1,513,KALIAKOIR,GAZIPUR,48,5,38,Widowed,8 years of education,Yes,Head of household,HOUSE HOLD HEAD,3,,No,2,,,Attached Formal Housing,,,1,No,No,No,Brick or stone,Galvanized iron or aluminum,Private tubewell/pipe/pump,20,1,1,2,,,,,,,,,,,1,1,1,,,,,,,,No,0,0,0,0,0,0,0,0,0,0,1,0,0,0,0,,GARMENTS WORKER,18,2,STUDENT,11,1,GARMENTS WORKER,38,2,,,,,,,,,,,,,,,,,,,,,
1009.2,1009,BAYEZID BOSTAMI,CHITTAGONG,40,10,27,Married,8 years of education,Yes,Spouse of the Head of Household,SPOUSE OF HOUSEHOLD  HEAD,4,,Yes,2,,,Attached Formal Housing,,,1,No,No,No,Brick or stone,Mixed but predominantly iron/aluminum/tiles/fibrous cement,Faucet/Tap in the home,23,1,1,2,,,,,,,1,,,,1,,3,1,,,,,,,No,0,0,0,0,0,0,0,0,0,0,1,0,0,0,1,,Carpenter,30,1,SERVICE,27,2,STUDENT,11,1,STUDENT,8,1,,,,,,,,,,,,,,,,,,
1010.1,1010,BAYEZID BOSTAMI,CHITTAGONG,41,10,22,Married,5 years of education,Yes,Head of household,HOUSEHOLD HEAD,3,,No,1,,,Attached Formal Housing,,,1,No,No,No,Brick or stone,Mixed but predominantly iron/aluminum/tiles/fibrous cement,Faucet/Tap in the home,22,,1,1,,,,,,,,,,,,,,,,,,,,,No,0,0,0,0,0,0,0,0,0,0,1,0,0,0,0,,SERVICE,22,2,STUDENT,5,2,-,2,1,,,,,,,,,,,,,,,,,,,,,
1011.4,1011,PANCHLAISH,CHITTAGONG,42,10,19,Single (never married),6 years of education,Yes,Adult Daughter,ADULT DAUGHTER,3,5 years of education,No,2,,,Attached Formal Housing,,,1,No,No,No,Brick or stone,Mixed but predominantly iron/aluminum/tiles/fibrous cement,Faucet/Tap in the home,22,,1,1,,,,,,,,,,,,,,,,,,,,,No,0,0,0,0,0,0,0,0,0,0,0,0,0,0,0,,SERVICE,42,2,SERVICE,19,2,-,4,1,,,,,,,,,,,,,,,,,,,,,
1012.8,1012,PANCHLAISH,CHITTAGONG,43,10,26,Married,8 years of education,Yes,Adult Female Sibling-in-law,DAUGHTER IN LAW,7,5 years of education,Yes,4,,,Attached Formal Housing,,,4,Yes,Yes,No,Brick or stone,Mixed but predominantly iron/aluminum/tiles/fibrous cement,Faucet/Tap in the home,23,1,4,4,,,,,,,1,1,1,,2,2,9,1,,,1,,,,No,0,0,0,0,0,0,0,0,1,0,0,0,1,0,0,,RETIRED,65,1,SERVICE,35,2,SERVICE,26,1,SERVICE,26,2,SERVICE,18,2,STUDENT,12,2,N/A,2,1,,,,,,,,,
1014.1,1014,BAYEZID BOSTAMI,CHITTAGONG,49,10,21,Married,8 years of education,Yes,Head of household,HOUSEHOLD,2,,No,1,,,Attached Formal Housing,,,1,No,No,No,Brick or stone,Mixed but predominantly iron/aluminum/tiles/fibrous cement,Faucet/Tap in the home,18,1,1,1,,,,,,,,,,,1,2,,,,,,,,,Yes,0,1,0,0,0,0,0,0,0,0,0,0,0,0,0,,SERVICE,21,2,-,7,1,,,,,,,,,,,,,,,,,,,,,,,,
1015.4,1015,PANCHLAISH,CHITTAGONG,52,10,19,Single (never married),8 years of education,Yes,Adult Daughter,ADULT DAUGHTER,4,5 years of education,Yes,3,,,Attached Formal Housing,,,2,Yes,No,No,Brick or stone,Mixed but predominantly iron/aluminum/tiles/fibrous cement,Faucet/Tap in the home,17,1,2,2,,,,1,,,1,,,,2,1,2,,,,,,,,No,0,0,0,0,0,0,0,0,0,0,0,0,0,0,0,,BUSINESS,45,1,SERVICE,35,2,SERVICE,19,2,STUDENT,8,1,,,,,,,,,,,,,,,,,,
1016.1,1016,BAYEZID BOSTAMI,CHITTAGONG,53,10,23,Married,10 years of education,Yes,Head of household,HOUSEHOLD,2,,No,1,,,Attached Formal Housing,,,1,No,No,No,Brick or stone,Mixed but predominantly iron/aluminum/tiles/fibrous cement,Private tubewell/pipe/pump,22,,1,1,,,,,,,1,,,,,,1,,,,,,,,Yes,1,0,0,0,0,0,0,0,1,0,0,0,0,0,0,,SERVICE,23,2,-,1.7,2,,,,,,,,,,,,,,,,,,,,,,,,
1018.2,1018,BAYEZID BOSTAMI,CHITTAGONG,57,10,21,Married,6 years of education,Yes,Spouse of the Head of Household,SPOUSE OF HOUSEHOLD HEAD,6,,Yes,4,,,Attached Formal Housing,,,2,Yes,Yes,No,Brick or stone,Mixed but predominantly iron/aluminum/tiles/fibrous cement,Private tubewell/pipe/pump,24,1,2,4,,,,,,,,1,,,1,1,4,1,,,,,,,No,0,0,0,0,0,0,0,0,0,0,0,0,0,0,0,,SERVICE,60,1,RETIRE,50,2,SERVICE,25,1,SERVICE,21,2,SERVICE,20,2,-,0.7,2,,,,,,,,,,,,
1103.2,1103,CHANDGAON,CHITTAGONG,12,11,34,Married,5 years of education,Yes,Spouse of the Head of Household,SPOUSE OF HOUSEHOLD HEAD,4,,No,3,,,Attached Formal Housing,,,2,Yes,Yes,No,Brick or stone,Galvanized iron or aluminum,Private tubewell/pipe/pump,22,1,2,2,,,1,1,,,,1,1,,1,1,3,1,,,,,,,No,0,0,0,0,0,0,0,0,0,0,0,0,0,0,0,,AUTO-RICKSHAW DRIVER,41,1,GARMENTS WORKER,18,2,STUDENT,7,1,GARMENTS WORKER,34,2,,,,,,,,,,,,,,,,,,
1105.2,1105,CHANDGAON,CHITTAGONG,14,11,25,Married,5 years of education,Yes,Spouse of the Head of Household,SPOUSE OF HOUSEHOLD HEAD,2,,No,2,,,Attached Formal Housing,,,1,Yes,Yes,No,Brick or stone,Galvanized iron or aluminum,Private tubewell/pipe/pump,22,,1,1,,,,1,,,,,1,,,1,,,,,,,,,No,0,0,0,0,0,0,0,0,0,0,0,0,0,0,0,,AUTO- RICKSHAW,40,1,GARMENTS,25,2,,,,,,,,,,,,,,,,,,,,,,,,
1106.1,1106,CHANDGAON,CHITTAGONG,15,11,35,Married,5 years of education,Yes,Head of household,HOUSEHOLD,5,,No,2,,,Attached Formal Housing,,,2,Yes,Yes,No,Brick or stone,Galvanized iron or aluminum,Private tubewell/pipe/pump,22,1,2,1,,,,,,,1,,,,1,1,3,,,,,,,,No,0,0,0,0,0,1,0,0,0,0,1,0,1,0,0,,RICKSHAW,40,1,STUDENT,13,2,STUDENT,8,2,-,3,2,GARMENTS,35,2,,,,,,,,,,,,,,,
1107.2,1107,CHANDGAON,CHITTAGONG,30,11,32,Married,5 years of education,Yes,Spouse of the Head of Household,,6,,Yes,3,,,Attached Formal Housing,,,2,Yes,No,No,Bamboo,Galvanized iron or aluminum,Private tubewell/pipe/pump,22,1,2,1,,,,,,,,,,,,,,,,,,,,,No,0,0,0,0,0,1,0,0,0,0,0,0,1,0,0,,GARMENTS WORKER,34,1,NO WORK,85,1,HOUSEWIFE,55,2,SALOON WORKER,15,1,STUDENT,9,1,GARMENTS WORKER,32,2,,,,,,,,,,,,
1108.2,1108,CHANDGAON,CHITTAGONG,31,11,50,Married,4 years of education,Yes,Spouse of the Head of Household,SPOUSE OF HOUSEHOLD HEAD,5,,Yes,3,,,Attached Formal Housing,,,2,Yes,No,No,Brick or stone,Galvanized iron or aluminum,Private tubewell/pipe/pump,22,1,2,1,,,,,,,,,,,,,1,,,,,,,,No,0,0,0,0,0,1,0,0,0,0,0,0,0,0,0,,DAILY LABOUR,55,1,HOUSEWIFE,26,2,GARMENTS WORKER,30,1,STUDENT,5,2,GARMENTS,50,2,,,,,,,,,,,,,,,
1109.2,1109,CHANDGAON,CHITTAGONG,32,11,30,Married,5 years of education,Yes,Spouse of the Head of Household,,4,,No,2,,,Attached Formal Housing,,,2,Yes,Yes,No,Brick or stone,Galvanized iron or aluminum,Private tubewell/pipe/pump,22,1,2,2,,,1,,,,,,1,,,1,2,,,,,,,,No,0,0,0,0,0,1,0,0,0,0,1,0,0,0,0,,RICKSHAW DRIVER,40,1,STUDENT,11,1,STUDENT,15,2,GARMENTS WORKER,30,2,,,,,,,,,,,,,,,,,,
610.2,610,GAZIPUR SADAR,GAZIPUR,44,6,30,Single (never married),10 years of education,No,,,,,,,No,1,Attached Formal Housing,,,1,No,No,No,Brick or stone,Galvanized iron or aluminum,Private tubewell/pipe/pump,14,,1,1,,,,,,,,,,,,,3,,,,,,,,Yes,0,0,0,0,0,0,0,0,0,0,0,0,0,0,0,,SERVICE,30,2,,,,,,,,,,,,,,,,,,,,,,,,,,,
611.2,611,GAZIPUR SADAR,GAZIPUR,45,6,23,Separated/Divorced,7 years of education,No,,,,,,,No,2,Attached Formal Housing,,,1,No,No,No,Brick or stone,Galvanized iron or aluminum,Private tubewell/pipe/pump,14,1,1,1,,,,,,,,,,,,1,,,,,,,,,Yes,0,1,0,0,0,0,0,0,0,0,0,0,0,0,0,,SERVICE,18,2,SERVICE,23,2,,,,,,,,,,,,,,,,,,,,,,,,
612.2,612,GAZIPUR SADAR,GAZIPUR,51,6,35,Married,5 years of education,Yes,Spouse of the Head of Household,SPOUSE OF HOUSE HOLD HEAD,2,,No,2,,,Attached Formal Housing,,,1,No,No,No,Brick or stone,Galvanized iron or aluminum,Private tubewell/pipe/pump,15,,1,2,,,,,,,,,,,,,1,,,,,,,,Yes,0,0,0,0,0,0,0,0,0,0,0,0,0,0,0,,SERVICE,40,1,SERVICE,35,2,,,,,,,,,,,,,,,,,,,,,,,,
613.2,613,GAZIPUR SADAR,GAZIPUR,62,6,25,Married,8 years of education,Yes,Spouse of the Head of Household,SPOUSE OF HOUSE HOLD HEAD,2,,No,2,,,Attached Formal Housing,,,1,No,No,No,Brick or stone,Galvanized iron or aluminum,Private tubewell/pipe/pump,14,1,1,2,,,,,,,,,,,,1,,,,,,,,,Yes,0,0,0,0,0,0,0,0,0,0,0,0,0,0,0,,SERVICE,35,1,SERVICE,25,2,,,,,,,,,,,,,,,,,,,,,,,,
614.2,614,GAZIPUR SADAR,GAZIPUR,63,6,25,Single (never married),9 years of education,No,,,,,,,No,2,Detached/Free-Standing Formal Home,,,1,No,No,No,Galvanized iron or aluminum or other metal sheets,Galvanized iron or aluminum,Private tubewell/pipe/pump,14,,1,1,,,,,,,,,,,,,,,,,,,,,Yes,0,0,0,0,0,1,0,0,0,0,0,0,0,0,0,,SERVICE,25,2,SERVICE,30,2,,,,,,,,,,,,,,,,,,,,,,,,
615.2,615,GAZIPUR SADAR,GAZIPUR,64,6,25,Married,8 years of education,Yes,Spouse of the Head of Household,SPOUSE OF HOUSE HOLD HEAD,3,,No,2,,,Attached Formal Housing,,,1,No,No,No,Brick or stone,Galvanized iron or aluminum,Private tubewell/pipe/pump,14,1,1,1,,,,,,,,1,,,,,6,,,,,,,,Yes,0,1,0,0,0,0,0,0,0,0,0,0,0,0,0,,SERVICE,32,1,,2,1,SERVICE,25,2,,,,,,,,,,,,,,,,,,,,,
616.2,616,GAZIPUR SADAR,GAZIPUR,68,6,32,Married,Can only write name,Yes,Spouse of the Head of Household,SPOUSE OF HOUSE HOLD HEAD,2,,No,2,,,Attached Formal Housing,,,1,No,No,No,Brick or stone,Galvanized iron or aluminum,Private tubewell/pipe/pump,12,,1,1,,,,,,,,,,,,,2,,,,,,,,No,0,0,0,0,0,0,0,0,0,0,0,0,0,0,0,,BUSINESS,45,1,SERVICE,32,2,,,,,,,,,,,,,,,,,,,,,,,,
617.1,617,GAZIPUR SADAR,GAZIPUR,69,6,40,Widowed,8 years of education,Yes,Head of household,HOUSE HOLD HEAD,3,,No,1,,,Attached Formal Housing,,,2,No,No,No,Clay/dung with straw,Galvanized iron or aluminum,Private tubewell/pipe/pump,10,,1,3,,,,,,,,,,,2,1,1,1,1,,,,,,No,0,0,0,0,0,0,0,0,0,0,0,0,0,0,0,,STUDENT,25,1,STUDENT,20,2,SERVICE,40,2,,,,,,,,,,,,,,,,,,,,,
621.2,621,GAZIPUR SADAR,GAZIPUR,74,6,25,Married,5 years of education,Yes,Spouse of the Head of Household,SPOUSE OF HOUSE HOLD HEAD,2,,No,2,,,Attached Formal Housing,,,1,No,No,No,Brick or stone,Galvanized iron or aluminum,Private tubewell/pipe/pump,10,1,1,2,,,,,,,,,,,1,1,2,,,,,,,,No,0,0,0,0,0,1,0,0,0,0,0,0,1,0,0,,GARMENTS WORKERS,35,1,GARMENTS WORKERS,25,2,,,,,,,,,,,,,,,,,,,,,,,,
622.2,622,GAZIPUR SADAR,GAZIPUR,75,6,21,Married,7 years of education,Yes,Spouse of the Head of Household,SPOUSE OF HOUSEHOLD HEAD,2,,Yes,2,,,Attached Formal Housing,,,1,No,No,No,Galvanized iron or aluminum or other metal sheets,Galvanized iron or aluminum,Private tubewell/pipe/pump,20,1,1,1,,,,,,,,,,,,1,,,,,,,,,No,0,0,0,0,0,0,0,0,0,0,1,0,1,0,0,,TAILORING,28,1,GARMENTS WORKERS,21,2,,,,,,,,,,,,,,,,,,,,,,,,
802.2,802,ASHULIA,DHAKA,10,8,23,Married,Graduate,Yes,Spouse of the Head of Household,SPOUSE OF HOUSEHOLD HEAD,4,,No,2,,,Attached Formal Housing,,,1,No,No,No,Galvanized iron or aluminum or other metal sheets,Galvanized iron or aluminum,Private tubewell/pipe/pump,22,,1,,,,,,,,1,,,,,,1,,,,,,,,No,0,0,0,0,0,0,0,0,0,0,0,0,0,0,0,,BUSINESS,32,1,SERVICE,23,2,STUDENT,6,1,STUDENT,5,2,,,,,,,,,,,,,,,,,,
803.2,803,ASHULIA,DHAKA,8,8,30,Married,8 years of education,Yes,Spouse of the Head of Household,SPOUSE OF HOUSEHOLD HEAD,5,,No,2,,,Attached Formal Housing,,,1,No,No,No,Brick or stone,Galvanized iron or aluminum,Private tubewell/pipe/pump,21,1,2,1,,,,,,,,1,,,,1,2,1,,,,,,,No,0,0,0,0,0,0,0,0,0,0,0,0,0,0,0,,SERVICE,37,1,SERVICE,30,2,,3,1,HOUSEWIFE,53,2,STUDENT,12,2,,,,,,,,,,,,,,,
805.2,805,ASHULIA,DHAKA,38,8,35,Married,2 years of education,Yes,Spouse of the Head of Household,SPOUSE OF  HOUSEHOLD HEAD,4,,No,2,,,Attached Formal Housing,,,1,No,No,No,Brick or stone,Galvanized iron or aluminum,Private tubewell/pipe/pump,21,1,1,,,,,,,,,,,,,1,,,,,,,,,No,0,0,0,0,0,1,0,0,0,0,0,0,0,0,0,,BUSINESS,39,1,SERVICE,35,2,STUDENT,14,2,STUDENT,10,2,,,,,,,,,,,,,,,,,,
806.2,806,ASHULIA,DHAKA,37,8,28,Married,8 years of education,Yes,Spouse of the Head of Household,SPOUSE OF HOUSEHOLD HEAD,2,,No,2,,,Attached Formal Housing,,,1,No,No,No,Brick or stone,Galvanized iron or aluminum,Private tubewell/pipe/pump,19,1,1,1,,,,,,,2,,,,1,,,,,,,,,,No,0,0,0,0,0,1,0,0,0,0,1,0,0,0,0,,SERVICE,34,1,SERVICE,28,1,,,,,,,,,,,,,,,,,,,,,,,,
807.2,807,ASHULIA,DHAKA,40,8,35,Married,10 years of education,Yes,Spouse of the Head of Household,SPOUSE OF HOUSEHOLD HEAD,4,,No,2,,,Attached Formal Housing,,,1,No,No,No,Brick or stone,Galvanized iron or aluminum,Private tubewell/pipe/pump,22,1,1,1,,,,,,,1,,,,1,1,,,,,,,,,No,0,0,0,0,0,0,0,0,0,0,0,0,0,0,0,,SERVICE,45,1,SERVICE,35,2,STUDENT,13,2,STUDENT,7,1,,,,,,,,,,,,,,,,,,
810.2,810,ASHULIA,DHAKA,49,8,19,Married,8 years of education,Yes,Spouse of the Head of Household,SPOUSE OF  HOUSEHOLD HEAD,2,,No,2,,,Attached Formal Housing,,,1,No,No,No,Galvanized iron or aluminum or other metal sheets,Galvanized iron or aluminum,Private tubewell/pipe/pump,22,1,1,1,,,,,,,,,,,,,,,,,,,,,No,0,0,0,0,0,0,0,0,0,0,0,0,0,0,0,,SERVICE,25,1,SERVICE,19,2,,,,,,,,,,,,,,,,,,,,,,,,
811.2,811,ASHULIA,DHAKA,48,8,26,Married,10 years of education,Yes,Spouse of the Head of Household,SP0USE OF HOUSEHOLD HEAD,2,,No,2,,,Attached Formal Housing,,,1,No,No,No,Galvanized iron or aluminum or other metal sheets,Galvanized iron or aluminum,Private tubewell/pipe/pump,22,,1,1,,,,,,,1,,,,,,,,,,,,,,No,0,0,0,0,0,0,0,0,0,0,0,0,0,0,0,,SERVICE,35,1,SERVICE,26,2,,,,,,,,,,,,,,,,,,,,,,,,
812.2,812,ASHULIA,DHAKA,46,8,21,Married,Undergraduate,Yes,Spouse of the Head of Household,SPOUSE OF HOUSEHOLD HEAD,2,,No,2,,,Attached Formal Housing,,,1,No,No,No,Brick or stone,Galvanized iron or aluminum,Private tubewell/pipe/pump,18,1,1,1,,,,,,,,1,,,,,1,,,,,,,,No,0,0,0,0,0,0,0,0,0,0,1,0,0,0,0,,SERVICE,33,1,SERVICE,21,2,,,,,,,,,,,,,,,,,,,,,,,,
816.4,816,ASHULIA,DHAKA,61,8,28,Married,9 years of education,Yes,Adult Daughter,ADULT DAUGHTER,9,Can only write name,No,3,,,Multi-story apartment complex,,,1,Yes,Yes,Yes,Brick or stone,Other,Private tubewell/pipe/pump,23,1,1,1,,,,,,,,,,,,,,,,,,,,,No,0,0,0,0,0,0,0,0,0,0,0,0,0,0,0,,BUSINESS,50,1,BUSINESS,30,1,HOUSEWIFE,42,2,STUDENT,19,2,STUDENT,8,1,STUDENT,6,1,SERVICE,28,2,STUDENT,13,2,STUDENT,9,2,,,
817.2,817,ASHULIA,DHAKA,63,8,28,Widowed,8 years of education,No,,,,,,,No,2,Attached Formal Housing,,,1,No,No,No,Brick or stone,Other,Private tubewell/pipe/pump,23,1,1,1,,,,,,,,,,,1,,,,,,,,,,Yes,0,0,0,0,0,0,0,0,0,0,1,0,0,0,0,,SURVICE,19,2,SURVICE,28,2,,,,,,,,,,,,,,,,,,,,,,,,
818.2,818,ASHULIA,DHAKA,64,8,30,Married,8 years of education,Yes,Spouse of the Head of Household,SPOUSE OF HOUSEHOLD HEAD,2,,No,2,,,Multi-story apartment complex,,,1,Yes,Yes,No,Brick or stone,Galvanized iron or aluminum,Private tubewell/pipe/pump,22,1,1,1,,,,,,,1,,,,1,,,,,,,,,,No,0,0,0,0,0,0,0,0,0,0,0,0,0,0,0,,SERVICE,34,1,SERVIE,30,2,,,,,,,,,,,,,,,,,,,,,,,,
901.2,901,SAVER,DHAKA,13,9,23,Married,5 years of education,Yes,Spouse of the Head of Household,SPOUSE OF HOUSEHOLD HEAD,4,,Yes,2,,,Attached Formal Housing,,,1,No,No,No,Brick or stone,Galvanized iron or aluminum,Private tubewell/pipe/pump,22,,,1,,,,,,,,,,,,,,,,,,,,,No,0,0,0,0,0,0,0,0,0,0,0,0,0,0,0,,LABOUR,30,1,SERVICE,23,2,STUDENT,8,2,STUDENT,5,2,,,,,,,,,,,,,,,,,,
902.2,902,SAVER,DHAKA,15,9,31,Married,Can only write name,Yes,Spouse of the Head of Household,SPOUSE OF HOUSEHOLD HEAD,6,,Yes,3,,,Attached Formal Housing,,,1,Yes,Yes,No,Brick or stone,Galvanized iron or aluminum,Private tubewell/pipe/pump,22,1,1,1,,,,,,,,,,,,,,,,,,,,,No,0,0,0,0,0,0,0,0,0,0,0,0,0,0,0,,LABOUR,37,1,SERVICE,17,1,SERVICE,31,2,STUDENT,7,2,NO WORK,10,1,CHILD,5,1,,,,,,,,,,,,
903.2,903,SAVER,DHAKA,12,9,23,Married,5 years of education,Yes,Spouse of the Head of Household,SPOUSE OF HOUSE HOLD HEAD,4,,Yes,2,,,Attached Formal Housing,,,1,No,No,No,Brick or stone,Galvanized iron or aluminum,Private tubewell/pipe/pump,22,,1,1,,,,,,,,,,,,,,,,,,,,,No,0,0,0,0,0,1,0,0,0,0,0,0,1,0,0,,LABOUR,35,1,SERVICE,23,2,CHILD,5,1,NO EDUCATION,7,1,,,,,,,,,,,,,,,,,,
905.2,905,SAVER,DHAKA,24,9,30,Married,6 years of education,Yes,Spouse of the Head of Household,SPOUSE OF HOUSEHOLD HEAD,2,,No,2,,,Attached Formal Housing,,,1,No,No,No,Brick or stone,Galvanized iron or aluminum,Private tubewell/pipe/pump,21,1,1,1,,1,,,,,,1,1,,,,,,,,,,,,Yes,0,1,0,1,0,0,0,0,0,1,0,0,1,0,0,,SERVICE,35,1,SERVICE,30,2,,,,,,,,,,,,,,,,,,,,,,,,
906.2,906,SAVER,DHAKA,25,9,25,Married,5 years of education,Yes,Spouse of the Head of Household,SPOUSE OF HOUSEHOLD HEAD,2,,Yes,2,,,Attached Formal Housing,,,1,No,No,No,Brick or stone,Galvanized iron or aluminum,Private tubewell/pipe/pump,21,,1,1,,,,,,,,,,,,,,,,,,,,,No,0,0,0,0,0,0,0,0,0,0,0,0,0,0,0,,LABOUR,25,1,SERVICE,25,2,,,,,,,,,,,,,,,,,,,,,,,,
907.2,907,SAVER,DHAKA,57,9,35,Married,8 years of education,Yes,Spouse of the Head of Household,SPOUSE OF HOUSEHOLD HEAD,4,,Yes,2,,,Attached Formal Housing,,,1,No,Yes,No,Brick or stone,Galvanized iron or aluminum,Private tubewell/pipe/pump,23,1,1,1,,,,,,,,1,,,1,1,1,,,,,,,,No,0,0,0,0,0,0,0,0,0,0,0,0,0,0,0,,BUSINESS,55,1,SERVICE,35,2,STUDENT,9,2,STUDENT,6,2,,,,,,,,,,,,,,,,,,
908.1,908,SAVER,DHAKA,56,9,44,Married,7 years of education,Yes,Head of household,SPOUSE OF HOUSEHOLD HEAD,6,,Yes,4,,,Attached Formal Housing,,,1,No,No,No,Brick or stone,Galvanized iron or aluminum,Private tubewell/pipe/pump,22,1,1,1,,,,,,,,,,,,,,,,,,,,,No,0,0,0,0,0,0,0,0,0,0,1,0,0,0,0,,SERVICE,17,1,SERVICE,20,2,SERVICE,16,2,SERVICE,44,2,JOBLESS,55,1,CHILD,3,2,,,,,,,,,,,,
909.1,909,SAVER,DHAKA,58,9,35,Married,Can only write name,Yes,Head of household,HOUSEHOLD HEAD,4,,Yes,4,,,Attached Formal Housing,,,1,No,No,No,Brick or stone,Galvanized iron or aluminum,Private tubewell/pipe/pump,20,1,1,1,,,,,,,,,1,,1,,2,,,,,,,,No,0,0,0,0,0,1,0,0,0,0,0,0,0,0,0,,AGRICULTURAL,52,1,SERVICE,16,1,SERVICE,35,2,STUDENT,13,1,,,,,,,,,,,,,,,,,,
910.2,910,SAVER,DHAKA,92,9,24,Married,6 years of education,No,,,,,,,No,1,Attached Formal Housing,,,1,No,No,No,Galvanized iron or aluminum or other metal sheets,Galvanized iron or aluminum,Faucet/Tap in the home,22,,,1,,,,,,,,,,,,,,,,,,,,,No,0,0,0,0,0,0,0,0,0,0,1,0,0,0,0,,SERVICE,24,2,,,,,,,,,,,,,,,,,,,,,,,,,,,
911.2,911,SAVER,DHAKA,87,9,30,Married,5 years of education,Yes,Spouse of the Head of Household,SPOUSE OF HOUSEHOLD HEAD,2,,No,2,,,Attached Formal Housing,,,1,No,No,No,Galvanized iron or aluminum or other metal sheets,Galvanized iron or aluminum,Private tubewell/pipe/pump,23,,1,1,,,,,,,,,,,,,,,,,,,,,No,0,0,0,0,0,0,0,0,0,0,1,0,0,0,0,,SERVICE,35,1,SERVICE,30,2,,,,,,,,,,,,,,,,,,,,,,,,
912.1,912,SAVER,DHAKA,108,9,35,Married,5 years of education,Yes,Head of household,HOUSEHOLD HEAD,4,,No,2,,,Attached Formal Housing,,,1,No,No,No,Brick or stone,Galvanized iron or aluminum,Private tubewell/pipe/pump,23,1,1,1,,,,,,,,,,,,1,1,,,,,,,,No,0,0,0,0,0,0,0,0,0,0,0,0,0,0,0,,SERVICE,44,1,SERVICE,35,2,STUDENT,15,1,STUDENT,11,1,,,,,,,,,,,,,,,,,,
913.1,913,SAVER,DHAKA,115,9,21,Married,7 years of education,Yes,Head of household,HOUSEHOLD HEAD,2,,No,2,,,Attached Formal Housing,,,1,No,No,No,Galvanized iron or aluminum or other metal sheets,Galvanized iron or aluminum,Faucet/Tap in the home,23,1,1,1,,,,,,,,,,,,,,,,,,,,,No,0,0,0,0,0,1,0,0,0,0,0,0,0,0,0,,SERVICE,26,1,SERVICE,21,2,,,,,,,,,,,,,,,,,,,,,,,,
914.1,914,SAVER,DHAKA,122,9,20,Married,12 years of education,Yes,Head of household,HOUSEHOLD HEAD,2,,No,2,,,Attached Formal Housing,,,1,No,No,No,Brick or stone,Galvanized iron or aluminum,Private tubewell/pipe/pump,21,1,1,1,,,,,,,,,,,,,,,,,,,,,Yes,0,1,0,0,0,0,0,0,0,0,1,0,1,0,0,,SERVICE,25,1,SERVICE,20,2,,,,,,,,,,,,,,,,,,,,,,,,
915.1,915,SAVER,DHAKA,128,9,26,Married,7 years of education,Yes,Head of household,HOUSEHOLD HEAD,2,,No,2,,,Attached Formal Housing,,,1,No,No,No,Brick or stone,Galvanized iron or aluminum,Private tubewell/pipe/pump,21,,1,1,,,,,,,,,,,,,,,,,,,,,No,0,0,0,0,0,1,0,0,0,0,1,0,0,0,0,,SERVICE,30,1,SERVICE,26,2,,,,,,,,,,,,,,,,,,,,,,,,
916.1,916,SAVER,DHAKA,41,9,31,Married,10 years of education,Yes,Head of household,HOUSEHOLD HEAD,4,,No,2,,,Multi-story apartment complex,,,1,No,No,No,Brick or stone,Other,Private tubewell/pipe/pump,22,1,1,1,,,,,,,,1,1,1,1,1,,,,,,,,,No,0,0,0,0,0,1,0,0,0,0,0,0,0,0,0,,SERVICE,40,1,SERVICE,31,2,CHILD,3,1,STUDENT,8,2,,,,,,,,,,,,,,,,,,
917.2,917,SAVER,DHAKA,136,9,45,Married,5 years of education,Yes,Spouse of the Head of Household,SPOUSE OF HOUSEHOLD HEAD,4,,Yes,3,,,Attached Formal Housing,,,1,No,No,No,Galvanized iron or aluminum or other metal sheets,Galvanized iron or aluminum,Private tubewell/pipe/pump,22,1,1,1,,,,,,,,,,,,,,,,,,,,,No,0,0,0,0,0,0,0,0,0,0,0,0,0,0,0,,AUTO RICKSHOW DRIVER,50,1,SERVICE,16,1,SERVICE,45,2,STUDENT,8,1,,,,,,,,,,,,,,,,,,
1001.2,1001,PANCHLAISH,CHITTAGONG,28,10,40,Married,5 years of education,Yes,Spouse of the Head of Household,SPOUSE OF HOUSEHOLD HEAD,4,,Yes,2,,,Attached Formal Housing,,,1,No,No,No,Brick or stone,Galvanized iron or aluminum,Faucet/Tap in the home,22,1,1,2,,,,,,,,,,,,,2,,,,,,,,No,0,0,0,0,0,0,0,0,0,0,0,0,1,0,0,,SERVICE,54,1,SERVICE,40,2,HOUSE WORK,12,2,STUDENT,8,1,,,,,,,,,,,,,,,,,,
1002.4,1002,BAYEZID BOSTAMI,CHITTAGONG,26,10,20,Single (never married),5 years of education,Yes,Adult Daughter,ADULT DAUGHTER,7,8 years of education,Yes,3,,,Attached Formal Housing,,,2,No,No,No,Brick or stone,Galvanized iron or aluminum,Faucet/Tap in the home,22,1,2,2,,,,,1,,,,,,,1,,2,,,1,,,,Yes,1,0,0,0,0,0,0,0,0,0,0,0,0,0,0,,DRIVER,40,1,SERVICE,35,2,SERVICE,20,2,HOUSE WORK,15,2,STUDENT,12,2,STUDENT,8,1,RETIRED,65,2,,,,,,,,,
1003.1,1003,BAYEZID BOSTAMI,CHITTAGONG,28,10,30,Married,9 years of education,Yes,Head of household,HOUSEHOLD HEAD,4,,Yes,2,,,Attached Formal Housing,,,1,No,No,No,Brick or stone,Galvanized iron or aluminum,Faucet/Tap in the home,22,1,1,2,,,,1,,,,,,,1,1,,,,,,,,,No,0,0,0,0,0,1,0,0,1,1,1,0,0,0,0,,DRIVER,35,1,SERVICE,30,2,STUDENT,12,2,STUDENT,6,2,,,,,,,,,,,,,,,,,,
1004.2,1004,BAYEZID BOSTAMI,CHITTAGONG,31,10,30,Married,10 years of education,Yes,Spouse of the Head of Household,SPOUSE OF HOUSEHOLD HEAD,4,,No,2,,,Attached Formal Housing,,,2,Yes,Yes,No,Brick or stone,Mixed but predominantly iron/aluminum/tiles/fibrous cement,Private tubewell/pipe/pump,23,,2,2,1,,,,,,,1,,,2,1,8,1,,,,,,,No,0,0,0,0,0,1,0,0,0,0,1,0,0,0,0,,SERVICE,40,1,SERVICE,30,2,STUDENT,14,2,STUDENT,13,1,,,,,,,,,,,,,,,,,,
1005.2,1005,BAYEZID BOSTAMI,CHITTAGONG,32,10,25,Married,8 years of education,Yes,Spouse of the Head of Household,SPOUSE OF HOUSEHOLD  HEAD,4,,No,2,,,Single-story apartment complex,,,2,Yes,Yes,No,Brick or stone,Concrete,Private tubewell/pipe/pump,21,1,2,3,,,,,,,,1,,,2,1,2,,1,,,,,,Yes,1,0,0,0,0,1,0,0,1,0,1,0,1,0,0,,BUSINESS,26,1,SERVICE,25,2,N/A,2,1,STUDENT,10,2,,,,,,,,,,,,,,,,,,
1006.2,1006,BAYEZID BOSTAMI,CHITTAGONG,33,10,30,Married,6 years of education,Yes,Spouse of the Head of Household,SPOUSE OF HOUSEHOLD HEAD,4,,No,2,,,Single-story apartment complex,,,2,Yes,Yes,No,Brick or stone,Concrete,Private tubewell/pipe/pump,21,1,2,2,1,,,,,,1,1,,,2,,2,1,,,,,,,No,0,0,0,0,0,1,0,0,1,0,0,0,0,0,1,,SERVICE,31,1,SERVICE,30,2,STUDENT,10,2,N/A,3,1,,,,,,,,,,,,,,,,,,
1007.2,1007,BAYEZID BOSTAMI,CHITTAGONG,37,10,27,Separated/Divorced,7 years of education,No,,,,,,,No,1,Attached Formal Housing,,,1,Yes,Yes,No,Brick or stone,Mixed but predominantly iron/aluminum/tiles/fibrous cement,Faucet/Tap in the home,23,,1,1,,,,,,,,,,,,,1,,,,,,,,No,0,0,0,0,0,0,0,0,0,0,1,0,0,1,0,,SERVICE,27,2,,,,,,,,,,,,,,,,,,,,,,,,,,,
1008.2,1008,BAYEZID BOSTAMI,CHITTAGONG,38,10,38,Separated/Divorced,10 years of education,No,,,,,,,No,1,Attached Formal Housing,,,1,No,No,No,Brick or stone,Galvanized iron or aluminum,Faucet/Tap in the home,23,,1,1,,,,,,,,,,,,,,,,,,,,,No,0,0,0,0,0,0,0,0,0,0,1,0,0,0,1,,SERVICE,38,2,,,,,,,,,,,,,,,,,,,,,,,,,,,
1110.2,1110,CHANDGAON,CHITTAGONG,33,11,25,Married,Can only write name,Yes,Spouse of the Head of Household,SPOUSE OF HOUSEHOLD HEAD,6,,Yes,3,,,Attached Formal Housing,,,2,Yes,Yes,No,Brick or stone,Galvanized iron or aluminum,Private tubewell/pipe/pump,22,,2,2,1,,,,,,,,1,,,,1,,,,,,,,No,0,0,0,0,0,1,0,0,0,0,1,0,1,0,0,,DAILY LABOUR,30,1,MASON HELPER,17,1,STUDENT,13,1,STUDENT,10,1,STUDENT,8,1,GARMENTS WORKER,25,2,,,,,,,,,,,,
1111.2,1111,CHANDGAON,CHITTAGONG,41,11,35,Married,5 years of education,Yes,Spouse of the Head of Household,SPOUSE OF HOUSEHOLD HEAD,4,,No,3,,,Attached Formal Housing,,,1,No,No,No,Brick or stone,Galvanized iron or aluminum,Private tubewell/pipe/pump,22,1,1,1,,,,,,,,,,,,1,,,,,,,,,No,0,0,0,0,0,0,0,0,0,0,0,0,0,0,0,,TRAC DRIVER,40,1,FACTORY WORKER,18,1,STUDENT,13,1,GARMENTS WORKER,35,2,,,,,,,,,,,,,,,,,,
1113.2,1113,CHANDGAON,CHITTAGONG,44,11,22,Married,5 years of education,Yes,Spouse of the Head of Household,SPOUSE OF HOUSEHOLD HEAD,4,,Yes,3,,,Attached Formal Housing,,,2,No,No,No,Bamboo,Galvanized iron or aluminum,Water is delivered by truck,20,,2,1,,,,,,,,,,,,,,,,,,,,,No,0,0,0,0,0,1,0,0,0,0,0,0,1,0,0,,MASON,28,1,CHILD,3,1,MASON HELPER,18,1,GARMENTS WORKER,22,2,,,,,,,,,,,,,,,,,,
1114.2,1114,CHANDGAON,CHITTAGONG,45,11,25,Married,5 years of education,Yes,Spouse of the Head of Household,SPOUSE OF HOUSEHOLD HEAD,4,,Yes,2,,,Attached Formal Housing,,,1,No,No,No,Bamboo,Galvanized iron or aluminum,Water is delivered by truck,20,,1,1,,,,,,,,,,,,,,,,,,,,,No,0,0,0,0,0,1,0,0,0,0,0,0,1,0,0,,MASON,35,1,STUDENT,10,2,CHILD,5,2,GARMENTS WORKER,25,2,,,,,,,,,,,,,,,,,,
1116.2,1116,CHANDGAON,CHITTAGONG,48,11,22,Married,Can only write name,Yes,Spouse of the Head of Household,SPOUSE OF HOUSEHOLD HEAD,3,,No,2,,,Single-story apartment complex,,,2,Yes,Yes,No,Brick or stone,Concrete,Private tubewell/pipe/pump,22,1,2,1,,,,,,,,,,,,1,,,,,,,,,No,0,0,0,0,0,1,0,0,0,0,0,0,0,0,0,,FISH BUSINESS,30,1,CHILD,2.5,2,GARMENTS WORKER,22,2,,,,,,,,,,,,,,,,,,,,,
1117.8,1117,CHANDGAON,CHITTAGONG,49,11,23,Married,5 years of education,Yes,Adult Female Sibling-in-law,DAUGHTER IN LOW,5,Illiterate,No,2,,,Attached Formal Housing,,,2,No,No,No,Galvanized iron or aluminum or other metal sheets,Galvanized iron or aluminum,Private tubewell/pipe/pump,18,1,2,1,,,,,,,,,,,,,,,,,,,,,No,0,0,0,0,0,0,0,0,0,0,0,0,1,0,0,,OLD MAN,80,1,HOUSEWIFE,55,2,FACTORY WORKER,27,1,CHILD,3,2,GARMENTS WORKER,23,2,,,,,,,,,,,,,,,
1118.4,1118,CHANDGAON,CHITTAGONG,51,11,18,Single (never married),5 years of education,Yes,Adult Daughter,ADULT DAUGHTER,5,5 years of education,No,3,,,Attached Formal Housing,,,2,Yes,No,No,Brick or stone,Galvanized iron or aluminum,Private tubewell/pipe/pump,22,1,2,1,,,,,,,,,,,,,2,1,,,,,,,No,0,0,0,0,0,0,0,0,0,0,0,0,0,0,0,,SECURITY  SERVICE,68,1,HOUSE WIFE,37,2,TRAVEL AGENT,22,1,STUDENT,14,2,GARMENTS WORKER,18,2,,,,,,,,,,,,,,,
1202.1,1202,CHANDGAON,CHITTAGONG,17,12,30,Married,7 years of education,Yes,Head of household,HOUSE WIFE,4,,No,2,,,Attached Formal Housing,,,1,Yes,Yes,No,Brick or stone,Galvanized iron or aluminum,Private tubewell/pipe/pump,22,1,1,1,,,,,,,,,1,,1,,2,,,,,,,,Yes,0,0,0,0,0,0,0,0,0,0,0,0,1,0,1,,SWEATER  COMPENY WORKER,33,1,STUDENT,8,1,STUDENT,7,2,GARMENTS WORKER,30,2,,,,,,,,,,,,,,,,,,
1203.1,1203,CHANDGAON,CHITTAGONG,18,12,40,Married,5 years of education,Yes,Head of household,HOUSE HOLD,2,,No,1,,,Multi-story apartment complex,,,1,No,No,No,Brick or stone,Concrete,Private tubewell/pipe/pump,22,1,1,1,,,,,,,,,,,,,,,,,,,,,No,0,0,0,0,0,0,0,0,0,0,0,0,1,0,0,,NO WORK,11,2,GARMENTS,40,2,,,,,,,,,,,,,,,,,,,,,,,,
1204.2,1204,CHANDGAON,CHITTAGONG,19,12,25,Married,5 years of education,Yes,Spouse of the Head of Household,HOUSE WIFE,4,,No,4,,,Attached Formal Housing,,,1,Yes,Yes,No,Brick or stone,Galvanized iron or aluminum,Private tubewell/pipe/pump,22,1,1,1,,,,2,,,,,,,1,,1,,,,,,,,Yes,0,0,0,0,0,0,0,0,0,0,1,0,0,0,0,,BUSINESS,32,1,GARMENTS WORKER,18,2,GARMENTS WORKER,16,2,GARMENTS WORKER,25,2,,,,,,,,,,,,,,,,,,
1211.1,1211,CHANDGAON,CHITTAGONG,39,12,32,Married,5 years of education,Yes,Head of household,,7,,Yes,4,,,Multi-story apartment complex,,,1,Yes,Yes,No,Brick or stone,Concrete,Faucet/Tap in the home,23,,,,,,,,,,1,,,,1,,,,,,,,,,No,0,0,0,0,0,1,0,0,0,0,0,0,0,0,0,,RICKSHA DRIVER,60,1,HOUSE WIFE,55,2,GARMENTS WORKER,26,2,GARMENTS WORKER,19,2,,6,1,,4,1,GARMENTS WORKER,32,2,,,,,,,,,
1212.2,1212,CHANDGAON,CHITTAGONG,40,12,39,Married,5 years of education,Yes,Spouse of the Head of Household,SPOUSE OF HOUSEHOLD HEAD,6,,Yes,3,,,Multi-story apartment complex,,,2,Yes,Yes,No,Brick or stone,Concrete,Private tubewell/pipe/pump,23,1,2,1,,,,,,,,,,,,,,,,,,,,,No,0,0,0,0,0,0,0,0,0,0,0,0,1,0,0,,DRYFISH BUSINESS,46,1,GARMENTS WORKER,14,2,STUDENT,10,2,NO WORK,4,2,NO WORK,8,1,GARMENTS WORKER,39,2,,,,,,,,,,,,
1214.2,1214,CHANDGAON,CHITTAGONG,42,12,24,Married,8 years of education,Yes,Spouse of the Head of Household,SPOUSE OF HOUSEHOLD HEAD,3,,Yes,2,,,Multi-story apartment complex,,,1,No,Yes,No,Brick or stone,Concrete,Private tubewell/pipe/pump,23,1,1,1,,,,,,,1,,,,1,,1,,,,,,,,No,0,0,0,0,0,1,0,0,0,1,1,0,1,0,0,,MASON HELPAR,27,1,NO WORK,2,2,GARMENTS WORKER,24,2,,,,,,,,,,,,,,,,,,,,,
1221.2,1221,CHANDGAON,CHITTAGONG,54,12,27,Married,6 years of education,No,,,,,,,No,3,Multi-story apartment complex,,,1,Yes,Yes,No,Brick or stone,Concrete,Private tubewell/pipe/pump,22,1,,1,,,,,,,1,,,,,,1,1,,,,,,,No,0,0,0,0,0,0,0,0,0,0,1,0,1,0,0,,GARMENTS WORKER,27,2,,,,,,,,,,,,,,,,,,,,,,,,,,,
1222.2,1222,Chandgaon,Chittagong,55,12,26,Married,Can only write name,Yes,Spouse of the Head of Household,Any Village Problem,7,,No,4,,,Attached Formal Housing,,,2,No,No,No,Bamboo,Galvanized iron or aluminum,Private tubewell/pipe/pump,21,1,2,1,,,,,,,,,,,,1,,,,,,,,,No,0,0,0,0,0,0,0,0,0,0,0,0,0,0,0,,Garments Worker,26,2,Rickshaw Driver,35,1,Student,12,1,Student,11,1,Student,7,2,Service,14,1,Service,15,1,,,,,,,,,
1223.2,1223,Chandgaon,Chittagong,56,12,28,Married,6 years of education,Yes,Spouse of the Head of Household,Spouse of Household head,4,,Yes,2,,,Attached Formal Housing,,,1,No,No,No,Bamboo,Galvanized iron or aluminum,Private tubewell/pipe/pump,18,,1,1,,,1,,,,,,,,,,,,,,,,,,No,0,0,0,0,0,0,0,0,0,0,1,0,1,0,0,,Garments worker,28,2,Rickshaw Driver,35,1,Student,10,2,Student,7,1,,,,,,,,,,,,,,,,,,
1224.2,1224,Chandgaon,Chittagong,57,12,30,Married,6 years of education,Yes,Spouse of the Head of Household,Spouse of Household head .,5,,No,2,,,Attached Formal Housing,,,1,No,No,No,Bamboo,Galvanized iron or aluminum,Private tubewell/pipe/pump,18,,1,1,,,,,,,,,,,,,1,,,,,,,,No,0,0,0,0,0,0,0,0,0,0,1,0,1,0,0,,Garments Worker,30,2,Rickshaw Driver,33,1,Student,9,1,n/a,7,1,n/a,4,2,,,,,,,,,,,,,,,
1225.2,1225,Chandgaon,Chittagong,58,12,25,Married,5 years of education,Yes,Spouse of the Head of Household,Spouse of household head,3,,Yes,2,,,Attached Formal Housing,,,1,No,No,No,Bamboo,Galvanized iron or aluminum,Private tubewell/pipe/pump,20,,,1,,,,,,,,,,,,,,,,,,,,,No,0,0,0,0,0,0,0,0,0,0,1,0,1,0,0,,Service,25,2,Service,30,1,Service,4,1,,,,,,,,,,,,,,,,,,,,,
1226.2,1226,Chandgaon,Chittagong,59,12,32,Married,Can only write name,Yes,Spouse of the Head of Household,Spouse of household head,5,,Yes,2,,,Attached Formal Housing,,,1,No,No,No,Bamboo,Galvanized iron or aluminum,Private tubewell/pipe/pump,20,1,1,1,,,,,,,,,,,,1,,,,,,,,,No,0,0,0,0,0,0,0,0,0,0,1,0,0,0,0,,Service,32,2,Track Worker,35,1,School,11,2,,4,2,,8,1,,,,,,,,,,,,,,,
1227.2,1227,Chandgaon,Chittagong,60,12,30,Married,5 years of education,No,,,,,,,No,3,Attached Formal Housing,,,1,No,Yes,No,Brick or stone,Galvanized iron or aluminum,Private tubewell/pipe/pump,20,,1,1,,,,,,,,,,,,,1,,,,,,,,No,0,0,0,0,0,0,0,0,0,0,1,0,1,0,0,,Service,30,2,,,,,,,,,,,,,,,,,,,,,,,,,,,
813.2,813,ASHULIA,DHAKA,45,8,20,Married,6 years of education,Yes,Spouse of the Head of Household,SPOUSE OF HOUSEHOLD HEAD,3,,No,2,,,Attached Formal Housing,,,1,No,No,No,Brick or stone,Galvanized iron or aluminum,Private tubewell/pipe/pump,18,1,1,1,,,,,,,,1,,,,,2,,,,,,,,No,0,0,0,0,0,0,0,0,0,0,0,0,0,0,0,,SERVICE,25,1,SERVICE,20,2,CHILD,1,2,,,,,,,,,,,,,,,,,,,,,
819.2,819,ASHULIA,DHAKA,65,8,22,Married,10 years of education,Yes,Spouse of the Head of Household,SPOUSE OF HOUSEHOLD HEAD,3,,No,2,,,Attached Formal Housing,,,1,No,No,No,Galvanized iron or aluminum or other metal sheets,Galvanized iron or aluminum,Private tubewell/pipe/pump,21,,,1,,,,,,,,,,,,,,,,,,,,,No,0,0,0,0,0,0,0,0,0,0,0,0,0,0,0,,SERVICE,28,1,SERVICE,22,2,CHILD,3.5,1,,,,,,,,,,,,,,,,,,,,,
820.2,820,ASHULIA,DHAKA,66,8,26,Married,8 years of education,Yes,Spouse of the Head of Household,SPOUSE OF HOUSEHOLD HEAD,2,,Yes,2,,,Attached Formal Housing,,,1,No,No,No,Galvanized iron or aluminum or other metal sheets,Galvanized iron or aluminum,Private tubewell/pipe/pump,20,,,,,,,,,,,,,,,,,,,,,,,,No,0,0,0,0,0,0,0,0,0,0,0,0,0,0,0,,MASON,35,1,SERVICE,26,2,,,,,,,,,,,,,,,,,,,,,,,,
821.2,821,ASHULIA,DHAKA,67,8,19,Single (never married),10 years of education,No,,,,,,,No,1,Attached Formal Housing,,,1,No,No,No,Galvanized iron or aluminum or other metal sheets,Galvanized iron or aluminum,Private tubewell/pipe/pump,22,,1,1,,,,,,,,,,,,,,,,,,,,,No,0,0,0,0,0,0,0,0,0,0,1,0,0,0,0,,SERVICE,19,2,,,,,,,,,,,,,,,,,,,,,,,,,,,
823.2,823,ASHULIA,DHAKA,69,8,35,Married,12 years of education,Yes,Spouse of the Head of Household,SPOUSE OF HOUSEHOLD HEAD,2,,No,2,,,Attached Formal Housing,,,1,No,No,No,Galvanized iron or aluminum or other metal sheets,Galvanized iron or aluminum,Private tubewell/pipe/pump,19,,,,,,,,,,,,,,,,,,,,,,,,Yes,0,1,0,0,0,0,0,0,0,0,1,0,0,0,0,,SERVICE,40,1,SERVICE,35,2,,,,,,,,,,,,,,,,,,,,,,,,
919.1,919,SAVER,DHAKA,60,9,22,Married,8 years of education,Yes,Head of household,HOUSEHOLD HEAD,4,,Yes,2,,,Attached Formal Housing,,,1,No,No,No,Brick or stone,Galvanized iron or aluminum,Private tubewell/pipe/pump,21,1,1,1,,,,,,,,,,,1,,,,,,,,,1,No,0,0,0,0,0,0,0,0,0,0,0,0,0,0,0,,LABOUR,25,1,GARMENTS WORKER,22,2,STUDENT,11,1,STUDENT,5,2,,,,,,,,,,,,,,,,,,
920.2,920,SAVAR,DHAKA,139,9,32,Married,2 years of education,Yes,Spouse of the Head of Household,SPOUSE OF HOUSEHOLD HEAD,5,,Yes,3,,,Attached Formal Housing,,,1,No,No,No,Brick or stone,Galvanized iron or aluminum,Private tubewell/pipe/pump,22,1,1,1,,,,1,,,,,,,,,,,,,,,,,No,0,0,0,0,0,0,0,0,0,0,1,0,0,0,0,,BUSINESS,45,1,SERVICE,32,2,SERVICE,17,2,STUDENT,10,1,STUDENT,9,2,,,,,,,,,,,,,,,
1019.1,1019,Bayezid Bostami,Chittagong,58,10,20,Married,5 years of education,Yes,Head of household,Household,3,,Yes,3,,,Attached Formal Housing,,,1,No,No,No,Brick or stone,Galvanized iron or aluminum,Private tubewell/pipe/pump,22,,1,2,,,,,,,,,,,,,,,,,,,,,No,0,0,0,0,0,1,0,0,0,0,1,0,1,1,0,,Driver,50,1,Service,20,1,Service,20,2,,,,,,,,,,,,,,,,,,,,,
1020.2,1020,Bayezid Bostami,Chittagong,60,10,19,Single (never married),5 years of education,No,,,,,,,No,1,Attached Formal Housing,,,2,No,Yes,No,Brick or stone,Mixed but predominantly iron/aluminum/tiles/fibrous cement,Private tubewell/pipe/pump,22,,,1,,,,,,,1,,,,,,,,,,,,,,No,0,0,0,0,0,0,0,0,0,0,1,0,0,0,0,,Service,19,2,,,,,,,,,,,,,,,,,,,,,,,,,,,
1119.8,1119,Chandgaon,Chittagong,52,11,20,Married,8 years of education,Yes,Adult Female Sibling-in-law,Sister in law,5,Can only write name,No,3,,,Attached Formal Housing,,,2,Yes,No,No,Bamboo,Galvanized iron or aluminum,Private tubewell/pipe/pump,22,,1,1,1,,,,,,1,,,,,,,,,,,,,,No,0,0,0,0,0,0,0,0,0,0,0,0,0,0,0,,Service,20,2,Service,23,1,Tailoring,55,1,Service,19,1,,3,1,,,,,,,,,,,,,,,
1120.2,1120,Chandgaon,Chittagong,53,11,25,Married,9 years of education,Yes,Spouse of the Head of Household,Spouse of household head,3,,No,3,,,Attached Formal Housing,,,2,Yes,Yes,No,Brick or stone,Galvanized iron or aluminum,Private tubewell/pipe/pump,23,1,2,,1,,,,,,,,,,1,1,5,,,,,,,,No,0,0,0,0,0,0,0,0,0,0,1,0,0,0,0,,Service,25,2,Business,30,1,Service,22,1,,,,,,,,,,,,,,,,,,,,,
618.6,618,GAZIPUR SADAR,GAZIPUR,71,6,40,Married,Can only write name,Yes,Female Parent of Household Head or Spouse,FEMALE PARENT,2,,Yes,2,,,Attached Formal Housing,,,1,No,No,No,Brick or stone,Galvanized iron or aluminum,Private tubewell/pipe/pump,10,1,1,2,0,0,0,0,0,0,0,0,0,0,1,0,0,0,0,0,0,0,0,0,Yes,0,1,0,0,0,0,0,0,0,0,0,0,0,0,0,0,SERVICE,19,1,SERVICE,40,2,,,,,,,,,,,,,,,,,,,,,,,,